Customer_ID,first_order,last_order,total_orders,total_revenue,avg_order_value,Customer_Name,Segment,Region,tenure_days,recency_days,orders_per_year
AA-10315,2015-03-31,2018-06-29,5,5090484,1018096.8,Alex Avila,Consumer,Central,1186,184,1.54
AA-10375,2015-04-21,2018-12-11,9,165678,18408.666666666668,Allen Armold,Consumer,West,1330,19,2.47
AA-10480,2015-05-04,2018-04-15,4,193048,48262.0,Andrew Allen,Consumer,South,1077,259,1.36
AA-10645,2015-06-22,2018-11-05,6,1737756,289626.0,Anna Andreadi,Consumer,East,1232,55,1.78
AB-10015,2015-02-18,2017-11-10,3,143818,47939.333333333336,Aaron Bergman,Consumer,West,996,415,1.1
AB-10060,2016-09-18,2018-11-06,8,5110574,638821.75,Adam Bellavance,Home Office,East,779,54,3.75
AB-10105,2015-12-20,2018-11-19,10,2898788,289878.8,Adrian Barton,Consumer,West,1065,41,3.43
AB-10150,2015-03-05,2018-11-19,5,280163,56032.6,Aimee Bixby,Consumer,East,1355,41,1.35
AB-10165,2015-11-16,2018-12-05,8,397663,49707.875,Alan Barnes,Consumer,West,1115,25,2.62
AB-10255,2015-07-22,2018-07-17,9,583602,64844.666666666664,Alejandro Ballentine,Home Office,East,1091,166,3.01
AB-10600,2015-11-18,2018-11-10,4,1494514,373628.5,Ann Blume,Corporate,West,1088,50,1.34
AC-10420,2015-07-12,2018-05-12,3,779856,259952.0,Alyssa Crouse,Corporate,West,1035,232,1.06
AC-10450,2015-10-31,2018-12-19,7,1285192,183598.85714285713,Amy Cox,Consumer,Central,1145,11,2.23
AC-10615,2016-09-15,2018-12-24,5,625708,125141.6,Ann Chong,Corporate,East,830,6,2.2
AC-10660,2015-10-15,2018-03-23,5,625024,125004.8,Anna Chung,Consumer,Central,890,282,2.05
AD-10180,2015-11-19,2018-12-01,8,1197155,149644.375,Alan Dominguez,Home Office,Central,1108,29,2.64
AF-10870,2016-12-06,2018-11-19,7,680012,97144.57142857143,Art Ferguson,Consumer,Central,713,41,3.58
AF-10885,2015-05-10,2017-11-10,4,493735,123433.75,Art Foster,Consumer,South,915,415,1.6
AG-10270,2015-05-13,2018-03-27,5,226563,45312.6,Alejandro Grove,Consumer,West,1049,278,1.74
AG-10300,2015-04-26,2018-09-03,4,53214,13303.5,Aleksandra Gannaway,Corporate,West,1226,118,1.19
AG-10330,2017-08-03,2018-12-22,5,77502,15500.4,Alex Grayson,Consumer,West,506,8,3.61
AG-10390,2015-04-19,2018-09-07,5,52508,10501.6,Allen Goldenen,Consumer,East,1237,114,1.48
AG-10495,2016-01-04,2018-10-13,7,785557,112222.42857142857,Andrew Gjertsen,Corporate,East,1013,78,2.52
AG-10525,2015-08-09,2016-09-07,4,749681,187420.25,Andy Gerbode,Corporate,South,395,844,3.7
AG-10675,2016-05-07,2018-09-24,7,24906012,3558001.714285714,Anna Gayman,Consumer,Central,870,97,2.94
AG-10765,2015-09-17,2018-10-14,4,48949,12237.25,Anthony Garverick,Home Office,East,1123,77,1.3
AG-10900,2015-07-23,2018-09-25,10,2476212,247621.2,Arthur Gainer,Consumer,West,1160,96,3.15
AH-10030,2015-04-22,2018-12-18,7,464630,66375.71428571429,Aaron Hawkins,Corporate,East,1336,12,1.91
AH-10075,2015-11-16,2018-11-26,10,2343506,234350.6,Adam Hart,Corporate,East,1106,34,3.3
AH-10120,2015-07-18,2018-10-31,7,559349,79907.0,Adrian Hane,Home Office,West,1201,60,2.13
AH-10195,2016-03-05,2018-11-05,4,707693,176923.25,Alan Haines,Corporate,South,975,55,1.5
AH-10210,2015-11-29,2018-12-24,9,476065,52896.11111111111,Alan Hwang,Consumer,West,1121,6,2.93
AH-10465,2016-01-03,2018-05-14,5,13672749,2734549.8,Amy Hunt,Consumer,East,862,230,2.12
AH-10585,2015-10-26,2018-12-09,4,85050,21262.5,Angele Hood,Consumer,Central,1140,21,1.28
AH-10690,2015-04-02,2017-11-15,12,2616481,218040.08333333334,Anna Häberlin,Corporate,East,958,410,4.57
AI-10855,2015-04-28,2018-12-17,10,729058,72905.8,Arianne Irving,Consumer,East,1329,13,2.75
AJ-10780,2015-01-10,2018-10-16,7,2037924,291132.0,Anthony Jacobs,Corporate,South,1375,75,1.86
AJ-10795,2015-05-14,2018-07-17,7,2608313,372616.14285714284,Anthony Johnson,Corporate,South,1160,166,2.2
AJ-10945,2015-03-03,2018-08-31,6,191779,31963.166666666668,Ashley Jarboe,Consumer,South,1277,121,1.71
AJ-10960,2015-09-14,2018-10-17,3,94828,31609.333333333332,Astrea Jones,Consumer,East,1129,74,0.97
AM-10360,2015-10-06,2018-12-02,5,216034,43206.8,Alice McCarthy,Corporate,Central,1153,28,1.58
AM-10705,2015-10-31,2018-07-21,8,742669,92833.625,Anne McFarland,Consumer,South,994,162,2.94
AO-10810,2017-08-16,2017-08-16,1,16128,16128.0,Anthony O'Donnell,Corporate,West,0,501,
AP-10720,2015-03-03,2018-11-19,6,226657,37776.166666666664,Anne Pryor,Home Office,East,1357,41,1.61
AP-10915,2015-08-23,2018-09-23,10,1015605,101560.5,Arthur Prichep,Consumer,South,1127,98,3.24
AR-10345,2015-12-30,2018-09-10,4,957954,239488.5,Alex Russell,Corporate,East,985,111,1.48
AR-10405,2015-10-03,2018-08-27,5,1780827,356165.4,Allen Rosenblatt,Corporate,East,1059,125,1.72
AR-10510,2015-05-02,2018-12-16,5,120711,24142.2,Andrew Roberts,Consumer,East,1324,14,1.38
AR-10540,2015-11-25,2018-12-24,6,1236816,206136.0,Andy Reiter,Consumer,East,1125,6,1.95
AR-10570,2017-07-14,2017-07-14,1,5539,5539.0,Anemone Ratner,Consumer,South,0,534,
AR-10825,2015-06-30,2018-11-02,8,2959055,369881.875,Anthony Rawles,Corporate,West,1221,58,2.39
AS-10045,2015-07-27,2018-10-03,7,2257567,322509.5714285714,Aaron Smayling,Corporate,South,1164,88,2.2
AS-10090,2015-09-22,2018-12-02,9,1970668,218963.11111111112,Adam Shillingsburg,Consumer,South,1167,28,2.81
AS-10135,2017-11-13,2018-11-19,2,5882,2941.0,Adrian Shami,Home Office,East,371,41,1.97
AS-10225,2015-10-18,2018-12-08,5,450796,90159.2,Alan Schoenberger,Corporate,East,1147,22,1.59
AS-10240,2015-03-15,2018-06-21,5,421231,84246.2,Alan Shonely,Consumer,South,1194,192,1.53
AS-10285,2017-05-21,2018-12-11,6,568434,94739.0,Alejandro Savely,Corporate,West,569,19,3.85
AS-10630,2015-08-01,2018-09-29,7,271051,38721.57142857143,Ann Steele,Home Office,Central,1155,92,2.21
AT-10435,2015-12-27,2018-12-09,5,907691,181538.2,Alyssa Tate,Home Office,West,1078,21,1.69
AT-10735,2015-08-30,2018-12-17,10,622239,62223.9,Annie Thurman,Consumer,West,1205,13,3.03
AW-10840,2016-04-13,2018-12-10,4,255428,63857.0,Anthony Witt,Consumer,Central,971,20,1.5
AW-10930,2015-07-14,2018-11-14,7,1469542,209934.57142857142,Arthur Wiediger,Home Office,Central,1219,46,2.1
AY-10555,2015-04-06,2018-12-16,4,278071,69517.75,Andy Yotov,Corporate,West,1350,14,1.08
AZ-10750,2015-03-17,2018-07-23,6,1350182,225030.33333333334,Annie Zypern,Consumer,East,1224,160,1.79
BB-10990,2015-07-27,2018-09-16,5,438232,87646.4,Barry Blumstein,Corporate,West,1147,105,1.59
BB-11545,2016-06-05,2018-12-02,9,1728860,192095.55555555556,Brenda Bowman,Corporate,Central,910,28,3.61
BC-11125,2015-07-06,2018-06-11,9,2154546,239394.0,Becky Castell,Home Office,West,1071,202,3.07
BD-11320,2016-05-31,2018-11-27,12,2408861,200738.41666666666,Bill Donatelli,Consumer,West,910,33,4.81
BD-11500,2015-02-01,2018-11-25,6,1032319,172053.16666666666,Bradley Drucker,Consumer,Central,1393,35,1.57
BD-11560,2016-05-30,2018-03-27,2,32054,16027.0,Brendan Dodson,Home Office,West,666,278,1.1
BD-11605,2015-01-13,2018-09-24,6,922619,153769.83333333334,Brian Dahlen,Consumer,East,1350,97,1.62
BD-11620,2015-06-30,2018-10-22,6,1014247,169041.16666666666,Brian DeCherney,Consumer,West,1210,69,1.81
BD-11635,2015-10-05,2018-12-21,3,178501,59500.333333333336,Brian Derr,Consumer,South,1173,9,0.93
BD-11725,2016-07-03,2018-09-28,6,152650,25441.666666666668,Bruce Degenhardt,Consumer,South,817,93,2.68
BD-11770,2017-03-10,2018-02-06,6,449045,74840.83333333333,Bryan Davis,Consumer,Central,333,327,6.58
BE-11335,2017-01-15,2018-09-02,5,322337,64467.4,Bill Eplett,Home Office,Central,595,119,3.07
BE-11410,2017-02-07,2018-09-23,5,495179,99035.8,Bobby Elias,Consumer,East,593,98,3.08
BE-11455,2016-08-02,2017-09-05,5,172062,34412.4,Brad Eason,Home Office,Central,399,481,4.57
BF-10975,2015-07-14,2018-09-30,7,208991,29855.85714285714,Barbara Fisher,Corporate,South,1174,91,2.18
BF-11005,2015-09-25,2018-11-21,4,959813,239953.25,Barry Franz,Home Office,West,1153,39,1.27
BF-11020,2015-02-15,2018-10-17,8,1589977,198747.125,Barry Französisch,Corporate,Central,1340,74,2.18
BF-11080,2015-11-28,2018-12-05,3,21760,7253.333333333333,Bart Folk,Consumer,East,1103,25,0.99
BF-11170,2015-04-13,2018-12-14,11,2787105,253373.18181818182,Ben Ferrer,Home Office,West,1341,16,2.99
BF-11215,2015-11-09,2018-10-26,4,327061,81765.25,Benjamin Farhat,Home Office,West,1082,65,1.35
BF-11275,2015-03-22,2018-11-03,3,754271,251423.66666666666,Beth Fritzler,Corporate,West,1322,57,0.83
BG-11035,2015-11-05,2018-12-02,8,1992242,249030.25,Barry Gonzalez,Consumer,South,1123,28,2.6
BG-11695,2015-05-11,2018-11-24,6,1742592,290432.0,Brooke Gillingham,Corporate,East,1293,36,1.69
BG-11740,2015-03-23,2018-11-03,6,611274,101879.0,Bruce Geld,Consumer,East,1321,57,1.66
BH-11710,2015-06-09,2018-12-07,8,4741353,592669.125,Brosina Hoffman,Consumer,West,1277,23,2.29
BK-11260,2015-08-03,2018-10-14,6,126068,21011.333333333332,Berenike Kampe,Consumer,East,1168,77,1.88
BM-11140,2015-09-08,2018-02-26,4,9134567,2283641.75,Becky Martin,Consumer,Central,902,307,1.62
BM-11575,2016-09-15,2018-09-21,6,392119,65353.166666666664,Brendan Murry,Corporate,East,736,100,2.98
BM-11650,2015-07-09,2018-11-27,11,1415241,128658.27272727272,Brian Moss,Corporate,East,1237,33,3.25
BM-11785,2015-06-06,2018-05-26,10,1192754,119275.4,Bryan Mills,Consumer,East,1085,218,3.36
BN-11470,2015-09-12,2018-12-06,4,105528,26382.0,Brad Norvell,Corporate,South,1181,24,1.24
BN-11515,2015-03-17,2018-12-21,5,110955,22191.0,Bradley Nguyen,Consumer,West,1375,9,1.33
BO-11350,2017-01-03,2018-08-15,5,563516,112703.2,Bill Overfelt,Corporate,West,589,137,3.1
BO-11425,2016-09-10,2018-10-16,2,13083,6541.5,Bobby Odegard,Consumer,South,766,75,0.95
BP-11050,2015-10-12,2018-10-08,5,44477,8895.4,Barry Pond,Corporate,East,1092,83,1.67
BP-11095,2015-06-07,2018-12-13,12,869519,72459.91666666667,Bart Pistole,Corporate,Central,1285,17,3.41
BP-11155,2016-06-04,2018-10-02,6,209468,34911.333333333336,Becky Pak,Consumer,South,850,89,2.58
BP-11185,2016-03-24,2018-12-29,9,2118528,235392.0,Ben Peterman,Corporate,West,1010,1,3.25
BP-11230,2015-04-20,2018-11-21,5,118149,23629.8,Benjamin Patterson,Consumer,West,1311,39,1.39
BP-11290,2015-10-03,2018-12-18,7,1737733,248247.57142857142,Beth Paige,Consumer,Central,1172,12,2.18
BS-11365,2015-05-04,2017-06-20,5,1845660,369132.0,Bill Shonely,Corporate,East,778,558,2.35
BS-11380,2015-11-29,2018-12-02,5,2675588,535117.6,Bill Stewart,Corporate,Central,1099,28,1.66
BS-11590,2015-01-14,2018-11-25,6,1422601,237100.16666666666,Brendan Sweed,Corporate,West,1411,35,1.55
BS-11665,2015-06-23,2017-05-27,3,2145596,715198.6666666666,Brian Stugart,Consumer,East,704,582,1.56
BS-11755,2015-05-18,2018-12-29,7,1296496,185213.7142857143,Bruce Stewart,Consumer,West,1321,1,1.93
BS-11800,2016-09-26,2018-04-09,2,77699,38849.5,Bryan Spruell,Home Office,East,560,265,1.3
BT-11305,2015-04-25,2018-01-28,5,261001,52200.2,Beth Thompson,Home Office,West,1009,336,1.81
BT-11395,2015-10-28,2018-03-03,6,838116,139686.0,Bill Tyler,Corporate,Central,857,302,2.56
BT-11440,2015-06-04,2017-06-18,4,512841,128210.25,Bobby Trafton,Consumer,West,745,560,1.96
BT-11485,2016-12-27,2017-03-11,2,66221,33110.5,Brad Thomas,Home Office,East,74,659,9.86
BT-11530,2015-05-21,2018-09-30,5,2001554,400310.8,Bradley Talbott,Home Office,West,1228,91,1.49
BT-11680,2015-11-28,2018-12-10,7,375882,53697.42857142857,Brian Thompson,Consumer,East,1108,20,2.31
BV-11245,2016-03-26,2018-01-30,5,795119,159023.8,Benjamin Venier,Corporate,Central,675,334,2.7
BW-11065,2015-05-25,2018-06-01,3,372358,124119.33333333333,Barry Weirich,Consumer,South,1103,212,0.99
BW-11110,2016-03-20,2018-08-31,8,4190918,523864.75,Bart Watters,Corporate,Central,894,121,3.27
BW-11200,2015-08-12,2018-06-10,6,1316657,219442.83333333334,Ben Wallace,Consumer,South,1033,203,2.12
CA-11965,2015-01-26,2018-09-25,6,4047211,674535.1666666666,Carol Adams,Corporate,South,1338,96,1.64
CA-12055,2016-09-05,2017-11-24,5,1020042,204008.4,Cathy Armstrong,Home Office,Central,445,401,4.1
CA-12265,2015-03-25,2018-11-04,8,3730506,466313.25,Christina Anderson,Consumer,Central,1320,56,2.21
CA-12310,2015-07-19,2018-12-17,4,212597,53149.25,Christine Abelman,Corporate,East,1247,13,1.17
CA-12775,2015-06-28,2018-09-01,7,1836484,262354.85714285716,Cynthia Arntzen,Consumer,South,1161,120,2.2
CB-12025,2015-03-21,2018-11-13,9,2825073,313897.0,Cassandra Brandow,Consumer,East,1333,47,2.46
CB-12415,2016-11-05,2018-12-04,8,1605193,200649.125,Christy Brittain,Consumer,East,759,26,3.85
CB-12535,2016-01-02,2018-06-16,8,6231284,778910.5,Claudia Bergmann,Corporate,South,896,197,3.26
CC-12100,2015-12-16,2017-09-29,5,975078,195015.6,Chad Cunningham,Home Office,Central,653,457,2.79
CC-12145,2015-07-20,2018-09-15,7,2054311,293473.0,Charles Crestani,Consumer,West,1153,106,2.22
CC-12220,2015-09-09,2018-12-10,11,1512076,137461.45454545456,Chris Cortes,Consumer,Central,1188,20,3.38
CC-12370,2017-05-23,2018-11-17,5,9361086,1872217.2,Christopher Conant,Consumer,South,543,43,3.36
CC-12430,2016-09-06,2018-12-30,10,1162147,116214.7,Chuck Clark,Home Office,Central,845,0,4.32
CC-12475,2015-05-16,2018-11-21,9,193725,21525.0,Cindy Chapman,Consumer,East,1285,39,2.56
CC-12550,2018-06-15,2018-12-03,3,73008,24336.0,Clay Cheatham,Consumer,West,171,27,6.4
CC-12610,2015-08-27,2018-11-26,7,909822,129974.57142857143,Corey Catlett,Corporate,East,1187,34,2.15
CC-12670,2015-12-23,2018-12-01,7,10045850,1435121.4285714286,Craig Carreira,Consumer,East,1074,29,2.38
CC-12685,2015-03-22,2016-10-23,4,1528028,382007.0,Craig Carroll,Consumer,South,581,798,2.51
CD-11920,2015-03-24,2018-11-20,5,366727,73345.4,Carlos Daly,Consumer,West,1337,40,1.36
CD-11980,2017-11-24,2018-11-06,3,352702,117567.33333333333,Carol Darley,Consumer,Central,347,54,3.16
CD-12280,2018-11-05,2018-11-18,2,377863,188931.5,Christina DeMoss,Consumer,West,13,42,56.15
CD-12790,2015-02-02,2017-11-26,5,748656,149731.2,Cynthia Delaney,Home Office,West,1028,399,1.78
CG-12040,2016-06-01,2018-11-11,6,790645,131774.16666666666,Catherine Glotzbach,Home Office,East,893,49,2.45
CG-12520,2016-10-15,2018-01-26,3,237926,79308.66666666667,Claire Gute,Consumer,South,468,338,2.34
CH-12070,2016-06-25,2017-02-08,3,1240335,413445.0,Cathy Hwang,Home Office,South,228,690,4.8
CJ-11875,2017-12-30,2017-12-30,1,1652,1652.0,Carl Jackson,Corporate,East,0,365,
CJ-12010,2017-03-10,2018-06-24,8,4659540,582442.5,Caroline Jumper,Consumer,West,471,189,6.2
CK-12205,2015-03-11,2018-11-21,13,2405776,185059.6923076923,Chloris Kastensmidt,Consumer,East,1351,39,3.51
CK-12325,2015-03-14,2018-09-01,5,429497,85899.4,Christine Kargatis,Home Office,West,1267,120,1.44
CK-12595,2015-12-26,2018-11-17,11,555569,50506.27272727273,Clytie Kelty,Consumer,East,1057,43,3.8
CK-12760,2015-02-07,2018-10-09,9,519776,57752.88888888889,Cyma Kinney,Corporate,East,1340,82,2.45
CL-11890,2015-07-26,2018-09-15,4,273427,68356.75,Carl Ludwig,Consumer,East,1147,106,1.27
CL-12565,2015-03-04,2018-03-21,12,2733152,227762.66666666666,Clay Ludtke,Consumer,Central,1113,284,3.94
CL-12700,2017-04-24,2018-04-14,4,710303,177575.75,Craig Leslie,Home Office,Central,355,260,4.11
CM-11815,2015-11-14,2018-08-21,6,839264,139877.33333333334,Candace McMahon,Corporate,Central,1011,131,2.17
CM-11935,2016-09-24,2017-01-22,2,533784,266892.0,Carlos Meador,Consumer,South,120,707,6.08
CM-12115,2016-03-29,2018-12-22,4,166161,41540.25,Chad McGuire,Consumer,East,998,8,1.46
CM-12160,2017-10-21,2018-12-04,6,620940,103490.0,Charles McCrossin,Consumer,Central,409,26,5.35
CM-12190,2016-09-18,2018-12-22,6,322766,53794.333333333336,Charlotte Melton,Consumer,East,825,8,2.65
CM-12235,2017-05-01,2017-12-10,5,1526348,305269.6,Chris McAfee,Consumer,Central,223,385,8.18
CM-12385,2016-03-16,2018-11-23,4,2921410,730352.5,Christopher Martinez,Consumer,South,982,37,1.49
CM-12445,2015-06-09,2017-10-20,3,140498,46832.666666666664,Chuck Magee,Consumer,West,864,436,1.27
CM-12655,2016-11-03,2018-12-03,5,1676780,335356.0,Corinna Mitchell,Home Office,West,760,27,2.4
CM-12715,2015-03-07,2016-03-01,4,14798847,3699711.75,Craig Molinari,Corporate,Central,360,1034,4.06
CP-12085,2015-12-04,2018-10-09,8,954958,119369.75,Cathy Prescott,Corporate,East,1040,82,2.81
CP-12340,2015-03-17,2018-07-23,7,4842397,691771.0,Christine Phan,Corporate,East,1224,160,2.09
CR-12580,2017-04-18,2018-11-03,4,1946262,486565.5,Clay Rozendal,Home Office,Central,564,57,2.59
CR-12625,2015-06-01,2017-09-16,3,21562,7187.333333333333,Corey Roper,Home Office,East,838,470,1.31
CR-12730,2015-08-20,2018-10-13,4,683891,170972.75,Craig Reiter,Consumer,East,1150,78,1.27
CR-12820,2016-01-24,2018-10-06,3,1416047,472015.6666666667,Cyra Reiten,Home Office,East,986,85,1.11
CS-11845,2015-12-14,2018-09-30,5,1113723,222744.6,Cari Sayre,Corporate,West,1021,91,1.79
CS-11860,2015-05-02,2018-07-21,6,513818,85636.33333333333,Cari Schnelling,Consumer,South,1176,162,1.86
CS-11950,2015-06-08,2018-12-05,11,2625787,238707.9090909091,Carlos Soltero,Consumer,Central,1276,25,3.15
CS-12130,2015-08-05,2017-08-28,4,484320,121080.0,Chad Sievert,Consumer,West,754,489,1.94
CS-12175,2015-08-12,2018-05-12,5,100968,20193.6,Charles Sheldon,Corporate,South,1004,232,1.82
CS-12250,2015-01-13,2018-12-04,12,536553,44712.75,Chris Selesnick,Corporate,South,1421,26,3.08
CS-12355,2015-08-15,2018-12-24,11,1295926,117811.45454545454,Christine Sundaresam,Consumer,South,1227,6,3.27
CS-12400,2015-09-26,2018-12-28,9,8447918,938657.5555555555,Christopher Schild,Home Office,Central,1189,2,2.76
CS-12460,2018-07-03,2018-12-03,2,68226,34113.0,Chuck Sachs,Consumer,South,153,27,4.77
CS-12490,2016-01-12,2017-11-01,4,6018296,1504574.0,Cindy Schnelling,Corporate,Central,659,424,2.22
CS-12505,2015-03-26,2018-11-02,6,5076489,846081.5,Cindy Stewart,Consumer,South,1317,58,1.66
CT-11995,2015-05-07,2018-09-25,8,1608110,201013.75,Carol Triggs,Consumer,Central,1237,96,2.36
CV-12295,2015-03-28,2018-04-20,5,1115624,223124.8,Christina VanderZanden,Consumer,West,1119,254,1.63
CV-12805,2017-05-09,2018-12-25,9,4035688,448409.77777777775,Cynthia Voltz,Corporate,East,595,5,5.52
CW-11905,2015-06-09,2018-12-08,6,252468,42078.0,Carl Weiss,Home Office,Central,1278,22,1.71
CY-12745,2015-12-12,2018-10-31,7,925054,132150.57142857142,Craig Yedwab,Corporate,West,1054,60,2.42
Co-12640,2015-06-20,2017-06-29,5,99683,19936.6,Corey-Lock,Consumer,East,740,549,2.47
DA-13450,2015-04-25,2018-01-12,4,72484,18121.0,Dianna Arnett,Home Office,Central,993,352,1.47
DB-12910,2015-10-24,2018-12-09,8,1191013,148876.625,Daniel Byrd,Home Office,South,1142,21,2.56
DB-12970,2015-11-12,2018-05-03,4,2331942,582985.5,Darren Budd,Corporate,West,903,241,1.62
DB-13060,2015-03-01,2018-12-14,6,1387250,231208.33333333334,Dave Brooks,Consumer,West,1384,16,1.58
DB-13120,2016-05-01,2018-11-12,7,563452,80493.14285714286,David Bremer,Corporate,West,925,48,2.76
DB-13210,2016-03-22,2018-12-21,10,1549820,154982.0,Dean Braden,Consumer,Central,1004,9,3.64
DB-13270,2015-02-04,2018-11-07,8,1493450,186681.25,Deborah Brumfield,Home Office,West,1372,53,2.13
DB-13360,2015-11-19,2018-04-10,5,584144,116828.8,Dennis Bolton,Home Office,East,873,264,2.09
DB-13405,2016-08-08,2018-06-26,4,235314,58828.5,Denny Blanton,Consumer,Central,687,187,2.13
DB-13555,2015-04-21,2018-09-14,7,7489325,1069903.5714285714,Dorothy Badders,Corporate,South,1242,107,2.06
DB-13615,2015-09-30,2018-11-27,7,1234157,176308.14285714287,Doug Bickford,Consumer,West,1154,33,2.21
DB-13660,2015-06-17,2018-12-18,7,807307,115329.57142857143,Duane Benoit,Consumer,East,1280,12,2.0
DC-12850,2015-07-05,2018-11-23,9,3009603,334400.3333333333,Dan Campbell,Consumer,South,1237,37,2.66
DC-13285,2015-12-29,2018-12-07,5,922096,184419.2,Debra Catini,Consumer,Central,1074,23,1.7
DD-13570,2015-03-31,2018-11-19,6,143821,23970.166666666668,Dorothy Dickinson,Consumer,Central,1329,41,1.65
DE-13255,2015-08-22,2017-01-11,5,216886,43377.2,Deanra Eno,Home Office,East,508,718,3.59
DF-13135,2015-10-04,2017-01-30,3,1566314,522104.6666666667,David Flashing,Consumer,West,484,699,2.26
DG-13300,2015-11-01,2018-11-28,5,1249901,249980.2,Deirdre Greer,Corporate,East,1123,32,1.63
DH-13075,2015-11-21,2018-03-28,5,477688,95537.6,Dave Hallsten,Corporate,South,858,277,2.13
DH-13675,2015-08-12,2016-11-15,4,831911,207977.75,Duane Huffman,Home Office,East,461,775,3.17
DJ-13420,2015-12-08,2017-04-02,4,70311,17577.75,Denny Joy,Corporate,South,481,637,3.04
DJ-13510,2015-08-17,2018-11-12,8,1866612,233326.5,Don Jones,Corporate,South,1183,48,2.47
DJ-13630,2016-12-14,2018-12-18,3,1657810,552603.3333333334,Doug Jacobs,Consumer,East,734,12,1.49
DK-12835,2015-03-26,2018-12-09,12,607438,50619.833333333336,Damala Kotsonis,Corporate,West,1354,21,3.23
DK-12895,2016-03-08,2018-11-15,5,1361028,272205.6,Dana Kaydos,Consumer,Central,982,45,1.86
DK-12985,2015-11-24,2018-12-23,5,358559,71711.8,Darren Koutras,Consumer,South,1125,7,1.62
DK-13090,2016-03-02,2018-11-18,7,1731225,247317.85714285713,Dave Kipp,Consumer,West,991,42,2.58
DK-13150,2015-12-05,2018-12-20,2,490113,245056.5,David Kendrick,Corporate,Central,1111,10,0.66
DK-13225,2015-03-14,2018-12-20,9,1719840,191093.33333333334,Dean Katz,Corporate,East,1377,10,2.39
DK-13375,2015-09-07,2018-12-11,8,635064,79383.0,Dennis Kane,Consumer,East,1191,19,2.45
DL-12865,2015-06-29,2018-09-21,7,237069,33867.0,Dan Lawera,Consumer,East,1180,100,2.17
DL-12925,2015-09-09,2018-11-03,6,304090,50681.666666666664,Daniel Lacy,Consumer,West,1151,57,1.9
DL-13315,2015-01-16,2018-12-08,8,467673,58459.125,Delfina Latchford,Consumer,East,1422,22,2.05
DL-13330,2015-06-23,2018-11-03,4,71759,17939.75,Denise Leinenbach,Consumer,West,1229,57,1.19
DL-13495,2016-12-25,2018-10-15,8,1868166,233520.75,Dionis Lloyd,Corporate,West,659,76,4.43
DM-12955,2015-09-30,2018-09-07,7,1123755,160536.42857142858,Dario Medina,Corporate,Central,1073,114,2.38
DM-13015,2015-09-14,2018-11-03,7,2086816,298116.5714285714,Darrin Martin,Consumer,West,1146,57,2.23
DM-13345,2015-11-03,2018-12-08,8,996859,124607.375,Denise Monton,Corporate,South,1131,22,2.58
DM-13525,2015-07-05,2017-09-05,3,346040,115346.66666666667,Don Miller,Corporate,Central,793,481,1.38
DN-13690,2015-09-20,2018-05-27,7,169681,24240.14285714286,Duane Noonan,Consumer,West,980,217,2.61
DO-13435,2015-10-03,2018-08-19,9,4130482,458942.44444444444,Denny Ordway,Consumer,South,1051,133,3.13
DO-13645,2016-11-07,2018-12-04,7,540890,77270.0,Doug O'Connell,Consumer,West,757,26,3.38
DP-13000,2015-01-03,2018-08-26,8,213137,26642.125,Darren Powers,Consumer,Central,1331,126,2.19
DP-13105,2016-08-22,2018-12-24,8,1967925,245990.625,Dave Poirier,Corporate,West,854,6,3.42
DP-13165,2015-12-02,2016-10-10,2,113076,56538.0,David Philippe,Consumer,East,313,811,2.33
DP-13390,2015-07-05,2018-01-06,9,5001375,555708.3333333334,Dennis Pardue,Home Office,Central,916,358,3.59
DR-12880,2016-09-25,2018-12-27,9,3614005,401556.1111111111,Dan Reichenbach,Corporate,Central,823,3,3.99
DR-12940,2015-03-28,2018-11-10,8,1642889,205361.125,Daniel Raglin,Home Office,East,1323,50,2.21
DS-13030,2015-07-09,2018-09-28,4,890635,222658.75,Darrin Sayre,Home Office,West,1177,93,1.24
DS-13180,2015-04-28,2018-12-07,9,3713897,412655.22222222225,David Smith,Corporate,Central,1319,23,2.49
DV-13045,2017-06-12,2018-12-11,5,1066374,213274.8,Darrin Van Huff,Corporate,West,547,19,3.34
DV-13465,2015-06-22,2018-12-01,5,1492791,298558.2,Dianna Vittorini,Consumer,West,1258,29,1.45
DW-13195,2015-01-18,2018-10-22,6,398758,66459.66666666667,David Wiener,Corporate,Central,1373,69,1.6
DW-13480,2015-06-01,2018-05-27,5,1317658,263531.6,Dianna Wilson,Home Office,Central,1091,217,1.67
DW-13540,2017-02-27,2018-09-23,5,122392,24478.4,Don Weiss,Consumer,West,573,98,3.18
DW-13585,2015-08-24,2018-05-02,7,400416,57202.28571428572,Dorothy Wardle,Corporate,East,982,242,2.6
Dl-13600,2015-03-30,2018-09-02,5,679462,135892.4,Dorris liebe,Corporate,Central,1252,119,1.46
Dp-13240,2015-05-26,2018-10-07,11,3834534,348594.0,Dean percer,Home Office,West,1230,84,3.26
EA-14035,2015-09-13,2018-07-31,12,1057750,88145.83333333333,Erin Ashbrook,Corporate,South,1052,152,4.16
EB-13705,2015-07-08,2018-11-12,9,3610508,401167.55555555556,Ed Braxton,Corporate,East,1223,48,2.69
EB-13750,2016-03-12,2018-11-25,10,2049043,204904.3,Edward Becker,Corporate,West,988,35,3.69
EB-13840,2015-05-30,2018-10-01,4,660446,165111.5,Ellis Ballard,Corporate,West,1220,90,1.2
EB-13870,2015-05-05,2018-09-21,10,1785796,178579.6,Emily Burns,Consumer,West,1235,100,2.96
EB-13930,2015-02-02,2018-07-22,5,584672,116934.4,Eric Barreto,Consumer,West,1266,161,1.44
EB-13975,2017-01-04,2018-12-30,4,1063043,265760.75,Erica Bern,Corporate,West,725,0,2.01
EB-14110,2016-04-13,2018-09-08,6,2261540,376923.3333333333,Eugene Barchas,Consumer,East,878,113,2.49
EB-14170,2015-09-29,2018-10-09,6,142191,23698.5,Evan Bailliet,Consumer,South,1106,82,1.98
EC-14050,2015-12-17,2018-11-07,5,51127,10225.4,Erin Creighton,Consumer,East,1056,53,1.73
ED-13885,2015-08-09,2018-08-17,8,2783487,347935.875,Emily Ducich,Home Office,West,1104,135,2.64
EG-13900,2016-11-02,2018-12-08,5,1237156,247431.2,Emily Grady,Consumer,East,766,22,2.38
EH-13765,2015-10-18,2018-08-17,10,1687353,168735.3,Edward Hooks,Corporate,East,1034,135,3.53
EH-13945,2015-07-02,2018-05-27,8,345348,43168.5,Eric Hoffmann,Consumer,West,1060,217,2.75
EH-13990,2015-01-15,2017-11-20,6,621902,103650.33333333333,Erica Hackney,Consumer,South,1040,405,2.11
EH-14005,2015-05-13,2018-12-28,7,628356,89765.14285714286,Erica Hernandez,Home Office,West,1325,2,1.93
EH-14125,2015-10-19,2018-07-31,10,2173473,217347.3,Eugene Hildebrand,Home Office,Central,1016,152,3.59
EH-14185,2015-05-22,2018-09-16,6,761047,126841.16666666667,Evan Henry,Consumer,South,1213,105,1.81
EJ-13720,2015-01-27,2018-03-03,4,800708,200177.0,Ed Jacobs,Consumer,West,1131,302,1.29
EJ-14155,2015-03-03,2018-11-03,5,1116980,223396.0,Eva Jacobs,Consumer,South,1341,57,1.36
EK-13795,2015-03-18,2018-11-16,4,148220,37055.0,Eileen Kiefer,Home Office,West,1339,44,1.09
EL-13735,2017-04-22,2018-10-14,2,12428,6214.0,Ed Ludwig,Home Office,East,540,77,1.35
EM-13810,2016-06-07,2018-08-20,5,2354025,470805.0,Eleni McCrary,Corporate,West,804,132,2.27
EM-13825,2015-12-02,2018-11-05,8,675840,84480.0,Elizabeth Moffitt,Corporate,Central,1069,55,2.73
EM-13960,2016-10-01,2018-08-01,5,191348,38269.6,Eric Murdock,Consumer,East,669,151,2.73
EM-14065,2015-07-22,2018-11-13,4,69555,17388.75,Erin Mull,Consumer,East,1210,47,1.21
EM-14095,2016-08-07,2018-09-08,4,442461,110615.25,Eudokia Martin,Corporate,West,762,113,1.92
EM-14140,2015-07-19,2018-11-12,6,1207874,201312.33333333334,Eugene Moren,Home Office,West,1212,48,1.81
EM-14200,2016-12-20,2018-07-25,3,315513,105171.0,Evan Minnotte,Home Office,South,582,158,1.88
EN-13780,2016-05-30,2018-03-18,4,356958,89239.5,Edward Nazzal,Consumer,East,657,287,2.22
EP-13915,2015-07-06,2018-12-18,17,11809730,694690.0,Emily Phan,Consumer,Central,1261,12,4.92
ER-13855,2016-12-21,2017-11-04,3,308159,102719.66666666667,Elpida Rittenbach,Corporate,Central,318,421,3.44
ES-14020,2015-09-20,2018-11-20,5,3265973,653194.6,Erica Smith,Consumer,West,1157,40,1.58
ES-14080,2015-10-02,2018-12-02,9,1059877,117764.11111111111,Erin Smith,Corporate,South,1157,28,2.84
FA-14230,2015-09-19,2018-09-24,7,1249754,178536.2857142857,Frank Atkinson,Corporate,West,1101,97,2.32
FC-14245,2016-06-13,2018-10-21,7,822836,117548.0,Frank Carlisle,Home Office,East,860,70,2.97
FC-14335,2015-10-10,2018-06-29,7,1483288,211898.2857142857,Fred Chung,Corporate,Central,993,184,2.57
FG-14260,2015-05-21,2018-11-26,7,571605,81657.85714285714,Frank Gastineau,Home Office,West,1285,34,1.99
FH-14275,2015-04-06,2018-11-23,10,2462329,246232.9,Frank Hawley,Corporate,Central,1327,37,2.75
FH-14350,2016-08-23,2018-06-01,4,401021,100255.25,Fred Harton,Consumer,West,647,212,2.26
FH-14365,2015-10-20,2018-12-25,8,923662,115457.75,Fred Hopkins,Corporate,East,1162,5,2.51
FM-14215,2015-03-11,2018-12-23,10,419560,41956.0,Filia McAdams,Corporate,East,1383,7,2.64
FM-14290,2015-08-26,2018-11-24,9,409600,45511.11111111111,Frank Merwin,Home Office,West,1186,36,2.77
FM-14380,2016-07-12,2018-08-07,9,1188719,132079.88888888888,Fred McMath,Consumer,West,756,145,4.35
FO-14305,2015-06-09,2018-11-22,10,1083872,108387.2,Frank Olsen,Consumer,East,1262,38,2.89
FP-14320,2015-12-07,2018-12-07,8,3329338,416167.25,Frank Preis,Consumer,West,1096,23,2.66
FW-14395,2016-03-22,2018-01-02,3,4051,1350.3333333333333,Fred Wasserman,Corporate,South,651,362,1.68
GA-14515,2016-04-17,2018-08-03,5,1143078,228615.6,George Ashbrook,Consumer,West,838,149,2.18
GA-14725,2015-02-11,2018-12-25,11,484783,44071.181818181816,Guy Armstrong,Consumer,East,1413,5,2.84
GB-14530,2015-04-28,2018-10-29,11,523234,47566.72727272727,George Bell,Corporate,East,1280,62,3.14
GB-14575,2016-06-12,2018-12-17,5,555039,111007.8,Giulietta Baptist,Consumer,East,918,13,1.99
GD-14590,2015-05-05,2018-12-25,4,756977,189244.25,Giulietta Dortch,Corporate,East,1330,5,1.1
GG-14650,2015-10-31,2018-11-17,9,1244674,138297.11111111112,Greg Guthrie,Corporate,South,1113,43,2.95
GH-14410,2015-07-09,2018-10-16,9,2371276,263475.1111111111,Gary Hansen,Home Office,West,1195,75,2.75
GH-14425,2015-06-17,2018-11-10,4,4030970,1007742.5,Gary Hwang,Consumer,West,1242,50,1.18
GH-14485,2016-10-08,2017-12-08,2,1123914,561957.0,Gene Hale,Corporate,Central,426,387,1.71
GH-14665,2016-11-17,2018-12-28,2,819788,409894.0,Greg Hansen,Consumer,Central,771,2,0.95
GK-14620,2015-06-25,2018-09-09,9,4000913,444545.8888888889,Grace Kelly,Corporate,West,1172,112,2.8
GM-14440,2015-03-21,2018-10-08,7,942148,134592.57142857142,Gary McGarr,Consumer,West,1297,83,1.97
GM-14455,2015-04-11,2018-12-14,6,1481142,246857.0,Gary Mitchum,Home Office,Central,1343,16,1.63
GM-14500,2015-08-09,2018-09-15,10,370046,37004.6,Gene McClure,Consumer,East,1133,106,3.22
GM-14680,2015-05-10,2018-07-31,6,960248,160041.33333333334,Greg Matthias,Consumer,West,1178,152,1.86
GM-14695,2015-04-05,2018-09-04,3,2039899,679966.3333333334,Greg Maxwell,Corporate,West,1248,117,0.88
GP-14740,2015-04-06,2016-11-26,2,14212,7106.0,Guy Phonely,Corporate,East,600,764,1.22
GR-14560,2015-11-19,2015-11-21,2,126413,63206.5,Georgia Rosenberg,Corporate,West,2,1135,365.0
GT-14635,2015-06-06,2018-11-04,3,1985108,661702.6666666666,Grant Thornton,Corporate,South,1247,56,0.88
GT-14710,2015-05-23,2018-11-24,11,3880500,352772.7272727273,Greg Tran,Consumer,Central,1281,36,3.13
GT-14755,2016-02-18,2018-11-26,4,132926,33231.5,Guy Thornton,Consumer,Central,1012,34,1.44
GW-14605,2015-03-01,2018-12-02,7,1325856,189408.0,Giulietta Weimer,Consumer,West,1372,28,1.86
GZ-14470,2015-08-05,2018-12-23,9,502817,55868.555555555555,Gary Zandusky,Consumer,Central,1236,7,2.66
GZ-14545,2015-09-28,2018-07-26,4,570256,142564.0,George Zrebassa,Corporate,East,1032,157,1.41
HA-14905,2015-06-30,2018-10-22,7,1309713,187101.85714285713,Helen Abelman,Consumer,East,1210,69,2.11
HA-14920,2015-10-11,2018-12-10,8,1456116,182014.5,Helen Andreada,Consumer,West,1156,20,2.53
HD-14785,2015-05-11,2016-11-22,3,64556,21518.666666666668,Harold Dahlen,Home Office,East,561,768,1.95
HE-14800,2017-01-30,2018-12-18,3,203636,67878.66666666667,Harold Engle,Corporate,Central,687,12,1.59
HF-14995,2015-05-26,2018-12-09,7,1476105,210872.14285714287,Herbert Flentye,Consumer,Central,1293,21,1.98
HG-14845,2015-04-29,2018-11-06,5,672876,134575.2,Harry Greene,Consumer,South,1287,54,1.42
HG-14965,2015-09-20,2018-12-07,12,481915,40159.583333333336,Henry Goldwyn,Corporate,West,1174,23,3.73
HG-15025,2015-10-14,2018-12-24,7,721454,103064.85714285714,Hunter Glantz,Consumer,Central,1167,6,2.19
HH-15010,2015-08-29,2018-10-19,2,40963,20481.5,Hilary Holden,Corporate,West,1147,72,0.64
HJ-14875,2016-04-13,2018-08-26,5,108683,21736.6,Heather Jas,Home Office,South,865,126,2.11
HK-14890,2015-06-10,2018-08-01,8,1055187,131898.375,Heather Kirkland,Corporate,South,1148,151,2.54
HL-15040,2015-01-20,2018-11-17,6,1297939,216323.16666666666,Hunter Lopez,Consumer,Central,1397,43,1.57
HM-14860,2015-07-21,2018-12-28,10,10803077,1080307.7,Harry Marie,Corporate,East,1256,2,2.91
HM-14980,2016-10-02,2018-04-27,4,157090,39272.5,Henry MacAllister,Consumer,East,572,247,2.55
HP-14815,2015-05-06,2018-11-30,7,368577,52653.857142857145,Harold Pawlan,Home Office,Central,1304,30,1.96
HR-14770,2015-03-01,2018-12-17,4,254716,63679.0,Hallie Redmond,Home Office,West,1387,13,1.05
HR-14830,2015-11-24,2018-07-24,7,1145669,163667.0,Harold Ryan,Corporate,West,973,159,2.63
HW-14935,2016-09-27,2018-09-04,7,1348615,192659.2857142857,Helen Wasserman,Corporate,West,707,117,3.61
HZ-14950,2017-03-14,2018-11-25,5,197192,39438.4,Henia Zydlo,Consumer,East,621,35,2.94
IG-15085,2015-10-18,2018-10-20,4,75667,18916.75,Ivan Gibson,Consumer,West,1098,71,1.33
IL-15100,2015-08-01,2018-08-10,7,645703,92243.28571428571,Ivan Liston,Consumer,West,1105,142,2.31
IM-15055,2015-01-23,2017-11-16,2,4840,2420.0,Ionia McGrath,Consumer,West,1028,409,0.71
IM-15070,2015-12-19,2017-12-05,7,1046056,149436.57142857142,Irene Maddox,Consumer,West,717,390,3.56
JA-15970,2015-09-17,2018-09-29,8,5892022,736502.75,Joseph Airdo,Consumer,West,1108,92,2.64
JB-15400,2015-09-14,2018-12-23,10,948881,94888.1,Jennifer Braxton,Corporate,Central,1196,7,3.05
JB-15925,2015-12-05,2016-12-24,3,675318,225106.0,Joni Blumstein,Consumer,East,385,736,2.84
JB-16000,2017-01-10,2018-11-17,7,3309431,472775.85714285716,Joy Bell-,Consumer,Central,676,43,3.78
JB-16045,2016-05-03,2018-12-23,5,324590,64918.0,Julia Barnett,Home Office,South,964,7,1.89
JC-15340,2015-01-28,2018-09-07,4,19261,4815.25,Jasper Cacioppo,Consumer,West,1318,114,1.11
JC-15385,2018-07-08,2018-07-08,1,121712,121712.0,Jenna Caffey,Consumer,West,0,175,
JC-15775,2015-09-14,2018-07-25,9,2135197,237244.11111111112,John Castell,Consumer,Central,1045,158,3.14
JC-16105,2015-11-18,2018-11-03,5,527412,105482.4,Julie Creighton,Corporate,South,1081,57,1.69
JD-15790,2016-04-02,2018-09-04,5,1935380,387076.0,John Dryer,Consumer,Central,885,117,2.06
JD-15895,2015-03-26,2017-12-01,11,1486355,135123.18181818182,Jonathan Doherty,Corporate,East,981,394,4.09
JD-16015,2015-10-04,2018-09-09,6,137930,22988.333333333332,Joy Daniels,Consumer,Central,1071,112,2.04
JD-16060,2015-09-24,2018-03-05,3,165828,55276.0,Julia Dunbar,Consumer,West,893,300,1.23
JD-16150,2015-11-16,2018-11-19,8,5833897,729237.125,Justin Deggeller,Corporate,Central,1099,41,2.66
JE-15475,2016-03-16,2018-06-20,6,235827,39304.5,Jeremy Ellison,Consumer,East,826,193,2.65
JE-15610,2015-10-14,2018-11-12,7,3194847,456406.71428571426,Jim Epp,Corporate,Central,1125,48,2.27
JE-15715,2015-08-25,2018-11-14,10,5503680,550368.0,Joe Elijah,Consumer,West,1177,46,3.1
JE-15745,2015-06-22,2018-11-09,13,2118507,162962.07692307694,Joel Eaton,Consumer,South,1236,51,3.84
JE-16165,2017-12-05,2018-12-10,3,288560,96186.66666666667,Justin Ellison,Corporate,Central,370,20,2.96
JF-15190,2015-11-15,2018-10-26,6,960508,160084.66666666666,Jamie Frazer,Consumer,West,1076,65,2.04
JF-15295,2015-03-14,2018-05-19,5,518210,103642.0,Jason Fortune-,Consumer,West,1162,225,1.57
JF-15355,2016-10-23,2018-09-16,6,1402642,233773.66666666666,Jay Fein,Consumer,Central,693,105,3.16
JF-15415,2015-08-22,2018-12-28,5,420692,84138.4,Jennifer Ferguson,Consumer,East,1224,2,1.49
JF-15490,2015-10-19,2018-08-31,10,637708,63770.8,Jeremy Farry,Consumer,West,1047,121,3.49
JF-15565,2015-10-11,2018-11-06,8,2387613,298451.625,Jill Fjeld,Consumer,Central,1122,54,2.6
JG-15115,2015-09-21,2016-12-03,3,652330,217443.33333333334,Jack Garza,Consumer,West,439,757,2.49
JG-15160,2015-05-30,2018-12-29,11,2280527,207320.63636363635,James Galang,Consumer,West,1309,1,3.07
JG-15310,2017-03-03,2018-12-28,6,757911,126318.5,Jason Gross,Corporate,East,665,2,3.29
JG-15805,2015-04-05,2018-05-21,6,239233,39872.166666666664,John Grady,Corporate,East,1142,223,1.92
JH-15430,2015-02-24,2018-12-25,4,168422,42105.5,Jennifer Halladay,Consumer,South,1400,5,1.04
JH-15820,2015-05-19,2018-07-09,6,243151,40525.166666666664,John Huston,Consumer,East,1147,174,1.91
JH-15910,2016-06-12,2018-11-19,7,669884,95697.71428571429,Jonathan Howell,Consumer,West,890,41,2.87
JH-15985,2015-08-09,2018-12-01,6,6612153,1102025.5,Joseph Holt,Consumer,Central,1210,29,1.81
JH-16180,2016-05-25,2017-11-21,4,2256394,564098.5,Justin Hirsh,Consumer,West,545,404,2.68
JJ-15445,2016-03-05,2017-09-03,5,105368,21073.6,Jennifer Jackson,Consumer,West,547,483,3.34
JJ-15760,2016-10-05,2016-12-08,2,15342,7671.0,Joel Jenkins,Home Office,South,64,752,11.41
JK-15205,2016-09-27,2018-10-30,4,692856,173214.0,Jamie Kunitz,Consumer,West,763,61,1.91
JK-15325,2015-11-21,2018-03-18,3,39850,13283.333333333334,Jason Klamczynski,Corporate,Central,848,287,1.29
JK-15370,2015-04-11,2018-11-16,7,1684109,240587.0,Jay Kimmel,Consumer,West,1315,44,1.94
JK-15625,2015-05-31,2018-10-30,7,1335707,190815.2857142857,Jim Karlsson,Consumer,West,1248,61,2.05
JK-15640,2015-09-19,2018-07-03,9,238483,26498.11111111111,Jim Kriz,Home Office,East,1018,180,3.23
JK-15730,2015-11-18,2018-10-07,9,1818098,202010.88888888888,Joe Kamberova,Consumer,South,1054,84,3.12
JK-16090,2016-04-21,2018-12-02,3,710006,236668.66666666666,Juliana Krohn,Consumer,Central,955,28,1.15
JK-16120,2015-11-02,2018-09-04,10,756185,75618.5,Julie Kriz,Home Office,Central,1037,117,3.52
JL-15130,2015-07-18,2018-12-22,6,1088416,181402.66666666666,Jack Lebron,Consumer,Central,1253,8,1.75
JL-15175,2015-12-31,2018-12-24,5,1442355,288471.0,James Lanier,Home Office,South,1089,6,1.68
JL-15235,2015-05-25,2018-09-02,5,1716494,343298.8,Janet Lee,Consumer,Central,1196,119,1.53
JL-15505,2015-11-14,2018-11-11,6,799611,133268.5,Jeremy Lonsdale,Consumer,East,1093,49,2.0
JL-15835,2015-04-18,2018-12-09,10,5735413,573541.3,John Lee,Consumer,West,1331,21,2.74
JL-15850,2015-07-22,2017-04-25,6,1309268,218211.33333333334,John Lucas,Consumer,East,643,614,3.41
JM-15250,2017-03-29,2018-11-23,6,1343759,223959.83333333334,Janet Martin,Consumer,South,604,37,3.63
JM-15265,2015-08-25,2018-11-23,5,333960,66792.0,Janet Molinari,Corporate,East,1186,37,1.54
JM-15535,2015-09-13,2018-09-19,7,614248,87749.71428571429,Jessica Myrick,Consumer,East,1102,102,2.32
JM-15580,2017-04-14,2018-12-30,5,213057,42611.4,Jill Matthias,Consumer,South,625,0,2.92
JM-15655,2015-04-08,2018-12-22,5,638732,127746.4,Jim Mitchum,Corporate,East,1354,8,1.35
JM-15865,2015-11-19,2018-09-12,7,1332429,190347.0,John Murray,Consumer,East,1028,109,2.49
JM-16195,2015-04-30,2018-11-03,10,322170,32217.0,Justin MacKendrick,Consumer,West,1283,57,2.84
JO-15145,2015-01-06,2018-11-03,9,1261044,140116.0,Jack O'Briant,Corporate,East,1397,57,2.35
JO-15280,2015-03-31,2018-09-29,6,635194,105865.66666666667,Jas O'Carroll,Consumer,West,1278,92,1.71
JO-15550,2016-03-19,2018-05-29,5,988121,197624.2,Jesus Ocampo,Home Office,East,801,215,2.28
JP-15460,2015-08-24,2018-11-23,7,308407,44058.142857142855,Jennifer Patt,Corporate,East,1187,37,2.15
JP-15520,2015-08-22,2018-12-22,7,1199843,171406.14285714287,Jeremy Pistek,Consumer,West,1218,8,2.1
JP-16135,2015-09-23,2018-09-19,9,647429,71936.55555555556,Julie Prescott,Home Office,South,1092,102,3.01
JR-15670,2016-12-24,2017-05-16,2,646718,323359.0,Jim Radford,Consumer,East,143,593,5.1
JR-15700,2018-10-23,2018-10-23,1,86388,86388.0,Jocasta Rupert,Consumer,South,0,68,
JR-16210,2016-09-18,2018-11-27,5,856033,171206.6,Justin Ritter,Corporate,East,800,33,2.28
JS-15595,2015-03-03,2018-09-02,4,197965,49491.25,Jill Stevenson,Corporate,West,1279,119,1.14
JS-15685,2017-06-14,2018-11-18,3,891241,297080.3333333333,Jim Sink,Corporate,West,522,42,2.1
JS-15880,2015-04-08,2017-07-14,5,730692,146138.4,John Stevenson,Consumer,West,828,534,2.2
JS-15940,2015-05-03,2017-09-23,5,414989,82997.8,Joni Sundaresam,Home Office,Central,874,463,2.09
JS-16030,2015-02-27,2018-12-02,6,889672,148278.66666666666,Joy Smith,Consumer,Central,1374,28,1.59
JW-15220,2016-04-30,2018-11-18,6,2330453,388408.8333333333,Jane Waco,Corporate,West,932,42,2.35
JW-15955,2016-08-16,2018-12-25,6,121077,20179.5,Joni Wasserman,Consumer,West,861,5,2.54
JW-16075,2016-03-21,2017-09-25,4,476531,119132.75,Julia West,Consumer,East,553,461,2.64
KA-16525,2015-03-11,2018-11-24,7,604035,86290.71428571429,Kelly Andreada,Consumer,West,1354,36,1.89
KB-16240,2015-03-31,2018-12-26,7,366890,52412.857142857145,Karen Bern,Corporate,West,1366,4,1.87
KB-16315,2015-08-26,2018-03-09,9,1251836,139092.88888888888,Karl Braun,Consumer,Central,926,296,3.55
KB-16405,2016-11-20,2018-09-04,3,337303,112434.33333333333,Katrina Bavinger,Home Office,West,653,117,1.68
KB-16585,2015-04-04,2018-05-14,12,1493274,124439.5,Ken Black,Corporate,Central,1136,230,3.86
KB-16600,2015-12-30,2018-12-29,7,90132,12876.0,Ken Brennan,Corporate,Central,1095,1,2.33
KC-16255,2015-09-08,2017-11-18,6,230702,38450.333333333336,Karen Carlisle,Corporate,West,802,407,2.73
KC-16540,2016-11-02,2018-09-24,4,485643,121410.75,Kelly Collister,Consumer,West,691,97,2.11
KC-16675,2015-12-13,2018-11-03,4,798245,199561.25,Kimberly Carter,Corporate,West,1056,57,1.38
KD-16270,2015-11-11,2017-09-02,5,2035440,407088.0,Karen Daniels,Consumer,South,661,484,2.76
KD-16345,2015-09-02,2018-11-19,6,966743,161123.83333333334,Katherine Ducich,Consumer,West,1174,41,1.87
KD-16495,2015-09-28,2018-09-09,12,1738372,144864.33333333334,Keith Dawkins,Corporate,East,1077,112,4.07
KD-16615,2017-04-30,2018-03-16,4,483735,120933.75,Ken Dana,Corporate,West,320,289,4.56
KE-16420,2015-06-08,2018-12-04,7,2602565,371795.0,Katrina Edelman,Corporate,South,1275,26,2.0
KF-16285,2015-09-26,2018-09-24,7,7169857,1024265.2857142857,Karen Ferguson,Home Office,West,1094,97,2.34
KH-16330,2015-04-01,2018-11-20,8,1741914,217739.25,Katharine Harms,Corporate,South,1329,40,2.2
KH-16360,2015-04-29,2018-12-29,6,1425379,237563.16666666666,Katherine Hughes,Consumer,East,1340,1,1.63
KH-16510,2015-08-15,2018-12-08,6,3843992,640665.3333333334,Keith Herrera,Consumer,West,1211,22,1.81
KH-16630,2015-11-01,2018-11-02,9,681351,75705.66666666667,Ken Heidel,Corporate,Central,1097,58,2.99
KH-16690,2015-03-21,2018-12-28,7,861258,123036.85714285714,Kristen Hastings,Corporate,West,1378,2,1.85
KL-16555,2015-06-15,2018-12-14,8,3512957,439119.625,Kelly Lampkin,Corporate,West,1278,16,2.28
KL-16645,2015-07-25,2018-11-13,12,3566569,297214.0833333333,Ken Lonsdale,Consumer,Central,1207,47,3.63
KM-16225,2016-07-06,2018-12-16,6,224114,37352.333333333336,Kalyca Meade,Corporate,East,893,14,2.45
KM-16375,2015-07-20,2018-11-04,8,2036476,254559.5,Katherine Murray,Home Office,South,1203,56,2.43
KM-16660,2015-12-22,2018-12-15,5,238132,47626.4,Khloe Miller,Consumer,South,1089,15,1.68
KM-16720,2015-03-30,2018-12-02,8,2602880,325360.0,Kunst Miller,Consumer,West,1343,28,2.17
KN-16390,2015-12-02,2018-12-11,8,1624425,203053.125,Katherine Nockton,Corporate,West,1105,19,2.64
KN-16450,2015-04-12,2018-11-08,5,1893376,378675.2,Kean Nguyen,Corporate,South,1306,52,1.4
KN-16705,2015-03-02,2018-09-23,7,324609,46372.71428571428,Kristina Nunn,Home Office,West,1301,98,1.96
KS-16300,2016-01-13,2018-03-10,3,79634,26544.666666666668,Karen Seio,Corporate,West,787,295,1.39
KT-16465,2015-09-08,2017-12-04,7,1488787,212683.85714285713,Kean Takahito,Consumer,West,818,391,3.12
KT-16480,2015-03-10,2018-09-21,10,3768075,376807.5,Kean Thornton,Consumer,East,1291,100,2.83
KW-16435,2016-08-24,2018-09-25,5,603625,120725.0,Katrina Willman,Consumer,East,762,96,2.4
KW-16570,2015-09-30,2016-11-20,4,95063,23765.75,Kelly Williams,Consumer,South,417,770,3.5
LA-16780,2015-04-29,2018-07-29,11,1917966,174360.54545454544,Laura Armstrong,Corporate,Central,1187,154,3.38
LB-16735,2017-07-25,2018-11-12,3,6808,2269.3333333333335,Larry Blacks,Consumer,Central,475,48,2.31
LB-16795,2015-04-23,2018-07-31,8,1670571,208821.375,Laurel Beltran,Home Office,Central,1195,152,2.44
LC-16870,2016-05-03,2018-12-03,8,995246,124405.75,Lena Cacioppo,Consumer,West,944,27,3.09
LC-16885,2015-04-25,2018-12-14,12,6519703,543308.5833333334,Lena Creighton,Consumer,West,1329,16,3.3
LC-16930,2015-02-20,2018-11-19,8,2037827,254728.375,Linda Cazamias,Corporate,Central,1368,41,2.13
LC-16960,2016-02-23,2017-10-20,4,3130571,782642.75,Lindsay Castell,Home Office,South,605,436,2.41
LC-17050,2015-01-31,2018-11-06,5,941624,188324.8,Liz Carlisle,Consumer,West,1375,54,1.33
LC-17140,2015-09-09,2018-12-17,9,642449,71383.22222222222,Logan Currie,Consumer,Central,1195,13,2.75
LD-16855,2017-06-26,2017-06-26,1,5304,5304.0,Lela Donovan,Corporate,Central,0,552,
LD-17005,2015-09-29,2017-11-11,4,246318,61579.5,Lisa DeCherney,Consumer,West,774,414,1.89
LE-16810,2015-05-27,2018-12-09,6,729875,121645.83333333333,Laurel Elliston,Consumer,West,1292,21,1.7
LF-17185,2015-07-26,2018-12-08,7,3095669,442238.4285714286,Luke Foster,Consumer,South,1231,22,2.08
LH-16750,2015-09-21,2018-08-01,3,36749,12249.666666666666,Larry Hughes,Consumer,South,1045,151,1.05
LH-16900,2015-08-19,2018-12-09,9,723410,80378.88888888889,Lena Hernandez,Consumer,East,1208,21,2.72
LH-17020,2015-09-08,2018-05-05,4,264662,66165.5,Lisa Hazard,Consumer,East,970,239,1.51
LH-17155,2015-12-12,2017-12-10,9,745180,82797.77777777778,Logan Haushalter,Consumer,West,729,385,4.51
LL-16840,2015-04-29,2018-04-25,5,311465,62293.0,Lauren Leatherbury,Consumer,East,1092,249,1.67
LM-17065,2015-06-27,2017-12-04,5,703193,140638.6,Liz MacKendrick,Consumer,East,891,391,2.05
LO-17170,2016-02-06,2018-12-28,5,170950,34190.0,Lori Olson,Corporate,West,1056,2,1.73
LP-17080,2015-06-24,2018-11-20,4,609141,152285.25,Liz Pelletier,Consumer,West,1245,40,1.17
LP-17095,2017-09-08,2018-12-21,6,2321511,386918.5,Liz Preis,Consumer,South,469,9,4.67
LR-16915,2015-08-08,2018-12-04,6,3503335,583889.1666666666,Lena Radford,Consumer,West,1214,26,1.8
LR-17035,2015-09-07,2018-08-20,5,1403170,280634.0,Lisa Ryan,Corporate,East,1078,132,1.69
LS-16945,2016-04-25,2018-07-05,6,2450044,408340.6666666667,Linda Southworth,Corporate,East,801,178,2.73
LS-16975,2015-10-20,2018-12-10,9,809504,89944.88888888889,Lindsay Shagiari,Home Office,West,1147,20,2.86
LS-17200,2015-10-18,2018-09-25,6,192003,32000.5,Luke Schmidt,Corporate,Central,1073,96,2.04
LS-17230,2015-01-06,2016-11-14,3,264894,88298.0,Lycoris Saunders,Consumer,East,678,776,1.62
LS-17245,2015-10-16,2018-11-26,6,328681,54780.166666666664,Lynn Smith,Consumer,Central,1137,34,1.93
LT-16765,2015-09-01,2018-12-04,3,281330,93776.66666666667,Larry Tron,Consumer,West,1190,26,0.92
LT-17110,2015-06-01,2018-11-26,8,1889714,236214.25,Liz Thompson,Consumer,West,1274,34,2.29
LW-16825,2015-05-30,2018-10-03,5,271561,54312.2,Laurel Workman,Corporate,South,1222,88,1.49
LW-16990,2017-05-05,2018-11-27,6,981982,163663.66666666666,Lindsay Williams,Corporate,West,571,33,3.84
LW-17125,2015-09-11,2018-06-08,3,57792,19264.0,Liz Willingham,Consumer,East,1001,205,1.09
LW-17215,2015-09-12,2018-12-09,7,4237518,605359.7142857143,Luke Weiss,Consumer,West,1184,21,2.16
MA-17560,2015-08-08,2018-10-27,11,2344937,213176.0909090909,Matt Abelman,Home Office,Central,1176,64,3.41
MA-17995,2015-09-20,2018-06-27,6,1837756,306292.6666666667,Michelle Arnett,Home Office,East,1011,186,2.17
MB-17305,2015-08-08,2018-11-12,10,1089090,108909.0,Maria Bertelson,Consumer,East,1192,48,3.06
MB-18085,2015-01-05,2018-11-16,7,1035885,147983.57142857142,Mick Brown,Consumer,East,1411,44,1.81
MC-17275,2015-09-08,2018-10-15,8,454040,56755.0,Marc Crier,Consumer,South,1133,76,2.58
MC-17425,2015-05-30,2017-11-26,5,798829,159765.8,Mark Cousins,Corporate,South,911,399,2.0
MC-17575,2015-12-02,2018-12-03,8,722781,90347.625,Matt Collins,Consumer,East,1097,27,2.66
MC-17590,2015-05-20,2018-11-09,6,1364832,227472.0,Matt Collister,Corporate,East,1269,51,1.73
MC-17605,2015-03-19,2018-09-09,8,1471619,183952.375,Matt Connell,Corporate,Central,1270,112,2.3
MC-17635,2015-11-28,2018-06-24,4,281578,70394.5,Matthew Clasen,Corporate,Central,939,189,1.55
MC-17845,2015-07-05,2018-12-29,7,937756,133965.14285714287,Michael Chen,Consumer,South,1273,1,2.01
MC-18100,2015-06-18,2018-11-19,10,470334,47033.4,Mick Crebagga,Consumer,Central,1250,41,2.92
MC-18130,2015-09-19,2017-12-26,5,1373135,274627.0,Mike Caudle,Corporate,South,829,369,2.2
MD-17350,2015-11-05,2018-09-04,6,2541758,423626.3333333333,Maribeth Dona,Consumer,South,1034,117,2.12
MD-17860,2015-12-02,2018-11-24,5,160883,32176.6,Michael Dominguez,Corporate,Central,1088,36,1.68
ME-17320,2015-01-06,2018-11-18,10,5499744,549974.4,Maria Etezadi,Home Office,South,1412,42,2.58
ME-17725,2015-07-12,2018-12-02,8,4718489,589811.125,Max Engle,Consumer,West,1239,28,2.36
ME-18010,2015-07-21,2018-09-29,4,1158736,289684.0,Michelle Ellison,Corporate,West,1166,92,1.25
MF-17665,2015-12-30,2017-11-04,5,649102,129820.4,Maureen Fritzler,Corporate,East,675,421,2.7
MF-18250,2015-09-15,2018-12-23,5,543174,108634.8,Monica Federle,Corporate,West,1195,7,1.53
MG-17650,2015-08-09,2018-12-01,7,1901171,271595.85714285716,Matthew Grinstein,Home Office,East,1210,29,2.11
MG-17680,2015-10-22,2018-09-29,4,2024622,506155.5,Maureen Gastineau,Home Office,East,1073,92,1.36
MG-17695,2015-12-26,2017-06-23,3,590629,196876.33333333334,Maureen Gnade,Consumer,East,545,555,2.01
MG-17875,2015-02-23,2018-09-05,5,980843,196168.6,Michael Grace,Home Office,East,1290,116,1.41
MG-17890,2015-12-29,2018-09-22,9,346967,38551.88888888889,Michael Granlund,Home Office,East,998,99,3.29
MG-18145,2015-03-29,2018-10-07,4,1985296,496324.0,Mike Gockenbach,Consumer,East,1288,84,1.13
MG-18205,2018-04-10,2018-04-10,1,5651,5651.0,Mitch Gastineau,Corporate,South,0,264,
MH-17290,2015-04-26,2018-03-11,5,911412,182282.4,Marc Harrigan,Home Office,West,1050,294,1.74
MH-17440,2015-02-04,2017-12-19,4,63029,15757.25,Mark Haberlin,Corporate,East,1049,376,1.39
MH-17455,2015-07-11,2018-07-13,7,593807,84829.57142857143,Mark Hamilton,Consumer,South,1098,170,2.33
MH-17620,2016-12-05,2018-07-28,4,37296,9324.0,Matt Hagelstein,Corporate,West,600,155,2.43
MH-17785,2015-05-27,2018-09-23,7,288659,41237.0,Maya Herman,Corporate,East,1215,98,2.1
MH-18025,2015-07-08,2018-11-11,5,799568,159913.6,Michelle Huthwaite,Consumer,West,1222,49,1.49
MH-18115,2017-08-23,2018-12-25,9,2729158,303239.77777777775,Mick Hernandez,Home Office,East,489,5,6.72
MJ-17740,2016-06-09,2018-12-08,7,472339,67477.0,Max Jones,Consumer,West,912,22,2.8
MK-17905,2015-11-18,2018-12-02,8,789621,98702.625,Michael Kennedy,Corporate,East,1110,28,2.63
MK-18160,2015-12-19,2018-05-04,4,82273,20568.25,Mike Kennedy,Consumer,South,867,240,1.68
ML-17395,2015-02-14,2018-10-22,9,787330,87481.11111111111,Marina Lichtenstein,Corporate,West,1346,69,2.44
ML-17410,2015-11-14,2018-11-06,5,817798,163559.6,Maris LaWare,Consumer,East,1088,54,1.68
ML-17755,2017-08-04,2018-12-01,7,1192803,170400.42857142858,Max Ludwig,Home Office,South,484,29,5.28
ML-18040,2018-03-26,2018-10-12,3,87188,29062.666666666668,Michelle Lonsdale,Corporate,West,200,79,5.48
ML-18265,2016-05-31,2018-09-21,2,25468,12734.0,Muhammed Lee,Consumer,West,843,100,0.87
MM-17260,2015-05-28,2018-07-15,4,1112216,278054.0,Magdelene Morse,Consumer,East,1144,168,1.28
MM-17920,2015-01-13,2018-12-23,10,1390634,139063.4,Michael Moore,Consumer,West,1440,7,2.53
MM-18055,2015-04-11,2018-10-30,8,2317881,289735.125,Michelle Moray,Consumer,West,1298,61,2.25
MM-18280,2015-01-20,2018-10-06,9,640792,71199.11111111111,Muhammed MacIntyre,Corporate,Central,1355,85,2.42
MN-17935,2015-02-16,2018-11-26,6,1433100,238850.0,Michael Nguyen,Consumer,Central,1379,34,1.59
MO-17500,2015-11-28,2018-10-19,4,893813,223453.25,Mary O'Rourke,Consumer,East,1056,72,1.38
MO-17800,2016-09-17,2018-09-17,8,731119,91389.875,Meg O'Connel,Home Office,East,730,104,4.0
MO-17950,2016-04-02,2018-07-03,2,85204,42602.0,Michael Oakman,Consumer,Central,822,180,0.89
MP-17470,2015-03-30,2017-01-11,6,2037632,339605.3333333333,Mark Packer,Home Office,East,653,718,3.35
MP-17965,2016-04-18,2018-10-19,9,916406,101822.88888888889,Michael Paige,Corporate,East,914,72,3.59
MP-18175,2015-11-25,2018-12-14,8,1524442,190555.25,Mike Pelletier,Home Office,West,1115,16,2.62
MR-17545,2015-09-03,2018-08-27,4,97225,24306.25,Mathew Reese,Home Office,East,1089,125,1.34
MS-17365,2015-09-09,2018-04-01,10,4432686,443268.6,Maribeth Schnelling,Consumer,Central,935,273,3.9
MS-17530,2015-11-04,2017-10-22,4,66822,16705.5,MaryBeth Skach,Consumer,West,718,434,2.03
MS-17710,2015-03-24,2017-11-12,6,696356,116059.33333333333,Maurice Satty,Consumer,West,964,413,2.27
MS-17770,2015-07-04,2018-08-31,9,1293513,143723.66666666666,Maxwell Schwartz,Consumer,East,1154,121,2.85
MS-17830,2015-01-09,2017-10-04,4,267532,66883.0,Melanie Seite,Consumer,Central,999,452,1.46
MS-17980,2015-06-30,2018-12-04,6,411299,68549.83333333333,Michael Stewart,Corporate,Central,1253,26,1.75
MT-17815,2016-11-06,2018-11-11,6,269420,44903.333333333336,Meg Tillman,Consumer,West,735,49,2.98
MT-18070,2015-09-25,2018-06-10,4,3603423,900855.75,Michelle Tran,Home Office,West,989,203,1.48
MV-17485,2015-01-20,2018-12-03,9,912527,101391.88888888889,Mark Van Huff,Consumer,South,1413,27,2.32
MV-18190,2015-01-30,2018-12-11,7,1164667,166381.0,Mike Vittorini,Consumer,East,1411,19,1.81
MW-18220,2015-08-25,2018-12-13,7,2759341,394191.5714285714,Mitch Webber,Consumer,East,1206,17,2.12
MW-18235,2015-05-21,2018-11-16,2,2253366,1126683.0,Mitch Willingham,Corporate,South,1275,44,0.57
MY-17380,2016-10-26,2018-12-01,7,1254970,179281.42857142858,Maribeth Yedwab,Corporate,West,766,29,3.34
MY-18295,2015-04-28,2018-10-20,10,2056796,205679.6,Muhammed Yedwab,Corporate,Central,1271,71,2.87
MZ-17335,2016-11-08,2018-11-30,4,212744,53186.0,Maria Zettner,Home Office,West,752,30,1.94
MZ-17515,2015-04-04,2018-03-23,6,2126633,354438.8333333333,Mary Zewe,Corporate,West,1084,282,2.02
NB-18580,2015-09-26,2015-10-22,2,156944,78472.0,Nicole Brennan,Corporate,East,26,1165,28.08
NB-18655,2015-12-05,2018-12-11,9,1545243,171693.66666666666,Nona Balk,Corporate,Central,1102,19,2.98
NC-18340,2015-03-30,2018-05-20,5,824700,164940.0,Nat Carroll,Consumer,Central,1147,224,1.59
NC-18415,2015-05-03,2018-11-19,6,2091694,348615.6666666667,Nathan Cano,Consumer,South,1296,41,1.69
NC-18535,2015-07-23,2018-12-24,7,6435997,919428.1428571428,Nick Crebassa,Corporate,Central,1250,6,2.04
NC-18625,2015-10-29,2018-06-09,5,425815,85163.0,Noah Childs,Corporate,West,954,204,1.91
ND-18370,2015-01-13,2018-12-03,9,1299448,144383.11111111112,Natalie DeCherney,Consumer,South,1420,27,2.31
ND-18460,2015-02-06,2018-06-30,6,354384,59064.0,Neil Ducich,Corporate,South,1240,183,1.77
NF-18385,2015-02-11,2018-10-12,6,3967141,661190.1666666666,Natalie Fritzler,Consumer,South,1339,79,1.64
NF-18475,2015-03-14,2017-07-23,4,129941,32485.25,Neil Französisch,Home Office,Central,862,525,1.69
NF-18595,2015-04-19,2018-09-07,7,1230733,175819.0,Nicole Fjeld,Home Office,East,1237,114,2.07
NG-18355,2015-11-24,2018-11-12,5,718057,143611.4,Nat Gilpin,Corporate,East,1084,48,1.68
NG-18430,2015-11-24,2018-11-12,5,857189,171437.8,Nathan Gelder,Consumer,East,1084,48,1.68
NH-18610,2016-09-19,2018-06-24,6,203884,33980.666666666664,Nicole Hansen,Corporate,Central,643,189,3.41
NK-18490,2016-05-28,2018-10-21,7,166319,23759.85714285714,Neil Knudson,Home Office,West,876,70,2.92
NL-18310,2015-10-31,2018-11-02,4,775265,193816.25,Nancy Lomonaco,Home Office,West,1098,58,1.33
NM-18445,2015-02-08,2018-07-23,7,745676,106525.14285714286,Nathan Mautz,Home Office,East,1261,160,2.03
NM-18520,2016-09-08,2018-04-30,10,261800,26180.0,Neoma Murray,Consumer,West,599,244,6.09
NP-18325,2015-05-13,2018-12-05,6,2287361,381226.8333333333,Naresj Patel,Consumer,South,1302,25,1.68
NP-18670,2016-02-27,2018-11-02,5,233675,46735.0,Nora Paige,Consumer,Central,979,58,1.86
NP-18685,2015-03-07,2017-11-19,5,229297,45859.4,Nora Pelletier,Home Office,East,988,406,1.85
NP-18700,2015-09-05,2018-08-14,7,7957259,1136751.2857142857,Nora Preis,Consumer,West,1074,138,2.38
NR-18550,2015-06-07,2018-06-03,5,1241359,248271.8,Nick Radford,Consumer,Central,1092,210,1.67
NS-18505,2017-11-24,2018-12-24,4,1643247,410811.75,Neola Schneider,Consumer,Central,395,6,3.7
NS-18640,2015-06-25,2018-07-09,12,865756,72146.33333333333,Noel Staavos,Corporate,Central,1110,174,3.95
NW-18400,2015-06-21,2018-07-11,7,4338750,619821.4285714285,Natalie Webber,Consumer,West,1116,172,2.29
NZ-18565,2015-08-02,2018-10-06,9,1197098,133010.88888888888,Nick Zandusky,Home Office,East,1161,85,2.83
ON-18715,2015-09-13,2017-11-15,9,882422,98046.88888888889,Odella Nelson,Corporate,Central,794,410,4.14
OT-18730,2016-04-20,2018-10-26,5,1609871,321974.2,Olvera Toch,Consumer,West,919,65,1.99
PA-19060,2015-05-17,2018-09-18,6,240096,40016.0,Pete Armstrong,Home Office,Central,1220,103,1.8
PB-18805,2016-11-20,2018-12-05,3,263275,87758.33333333333,Patrick Bzostek,Home Office,West,745,25,1.47
PB-19105,2015-11-15,2018-11-03,4,660514,165128.5,Peter Bühler,Consumer,Central,1084,57,1.35
PB-19150,2015-07-14,2018-09-24,8,219099,27387.375,Philip Brown,Consumer,West,1168,97,2.5
PB-19210,2015-11-23,2017-02-11,2,69801,34900.5,Phillip Breyer,Corporate,Central,446,687,1.64
PC-18745,2015-12-31,2018-12-28,4,1663422,415855.5,Pamela Coakley,Corporate,West,1093,2,1.34
PC-19000,2015-04-08,2016-08-01,2,1055440,527720.0,Pauline Chand,Home Office,West,481,881,1.52
PF-19120,2015-05-05,2016-09-17,4,6026246,1506561.5,Peter Fuller,Consumer,West,501,834,2.91
PF-19165,2015-09-20,2018-06-17,6,206179,34363.166666666664,Philip Fox,Consumer,Central,1001,196,2.19
PF-19225,2017-06-26,2018-09-07,5,836688,167337.6,Phillip Flathmann,Consumer,West,438,114,4.17
PG-18820,2015-05-09,2018-11-24,13,1284360,98796.92307692308,Patrick Gardner,Consumer,West,1295,36,3.66
PG-18895,2015-05-11,2018-11-03,9,950076,105564.0,Paul Gonzalez,Consumer,Central,1272,57,2.58
PH-18790,2018-10-21,2018-10-21,1,729648,729648.0,Patricia Hirasaki,Home Office,South,0,70,
PJ-18835,2015-05-28,2018-11-21,8,248495,31061.875,Patrick Jones,Corporate,South,1273,39,2.29
PJ-19015,2015-04-07,2018-08-18,6,180692,30115.333333333332,Pauline Johnson,Consumer,West,1229,134,1.78
PK-18910,2015-04-04,2017-09-03,2,395118,197559.0,Paul Knutson,Home Office,East,883,483,0.83
PK-19075,2015-11-11,2018-12-21,12,6393289,532774.0833333334,Pete Kriz,Consumer,Central,1136,9,3.86
PL-18925,2015-11-01,2018-12-15,5,138978,27795.6,Paul Lucas,Home Office,Central,1140,15,1.6
PM-18940,2015-05-04,2017-12-09,3,407896,135965.33333333334,Paul MacIntyre,Consumer,Central,950,386,1.15
PM-19135,2016-12-19,2018-11-09,4,2030056,507514.0,Peter McVee,Home Office,Central,690,51,2.12
PN-18775,2016-08-07,2018-11-30,8,725723,90715.375,Parhena Norris,Home Office,East,845,30,3.46
PO-18850,2015-11-02,2018-12-26,11,12682247,1152931.5454545454,Patrick O'Brill,Consumer,East,1150,4,3.49
PO-18865,2015-03-23,2018-12-30,7,1087333,155333.2857142857,Patrick O'Donnell,Consumer,Central,1378,0,1.85
PO-19180,2016-08-11,2018-07-23,9,1893685,210409.44444444444,Philisse Overcash,Home Office,Central,711,160,4.62
PO-19195,2015-01-04,2018-10-05,5,743775,148755.0,Phillina Ober,Home Office,Central,1370,86,1.33
PP-18955,2015-08-26,2018-09-24,10,1233273,123327.3,Paul Prost,Home Office,South,1125,97,3.24
PR-18880,2015-09-05,2018-11-24,5,1410473,282094.6,Patrick Ryan,Consumer,West,1176,36,1.55
PS-18760,2015-06-15,2018-09-14,6,753566,125594.33333333333,Pamela Stobb,Consumer,West,1187,107,1.84
PS-18970,2015-04-15,2018-10-22,8,519165,64895.625,Paul Stevenson,Home Office,Central,1286,69,2.27
PS-19045,2015-12-20,2018-05-08,7,4011793,573113.2857142857,Penelope Sewall,Home Office,South,870,236,2.94
PT-19090,2015-09-12,2018-10-20,3,153798,51266.0,Pete Takahito,Consumer,Central,1134,71,0.97
PV-18985,2015-07-12,2018-10-02,5,786354,157270.8,Paul Van Hugh,Home Office,West,1178,89,1.55
PW-19030,2015-05-16,2018-11-14,10,473864,47386.4,Pauline Webber,Corporate,South,1278,46,2.86
PW-19240,2015-11-18,2017-09-22,7,1120706,160100.85714285713,Pierre Wener,Consumer,West,674,464,3.79
QJ-19255,2015-03-17,2018-12-05,9,353072,39230.22222222222,Quincy Jones,Corporate,Central,1359,25,2.42
RA-19285,2015-12-13,2018-12-25,9,976891,108543.44444444444,Ralph Arnett,Consumer,East,1108,5,2.96
RA-19885,2015-04-08,2018-11-05,6,1168037,194672.83333333334,Ruben Ausman,Corporate,West,1307,55,1.68
RA-19915,2015-06-30,2018-12-18,9,3169358,352150.8888888889,Russell Applegate,Consumer,Central,1267,12,2.59
RA-19945,2015-08-29,2018-10-30,5,2817264,563452.8,Ryan Akin,Consumer,West,1158,61,1.58
RB-19330,2015-11-17,2018-10-23,2,349063,174531.5,Randy Bradley,Consumer,East,1071,68,0.68
RB-19360,2017-04-01,2018-09-25,6,1632000,272000.0,Raymond Buch,Consumer,East,542,96,4.04
RB-19435,2015-03-11,2018-11-19,7,976963,139566.14285714287,Richard Bierner,Consumer,Central,1349,41,1.89
RB-19465,2015-03-14,2018-12-21,12,1371939,114328.25,Rick Bensley,Home Office,Central,1378,9,3.18
RB-19570,2017-04-28,2018-12-05,5,316974,63394.8,Rob Beeghly,Consumer,Central,586,25,3.11
RB-19645,2015-08-23,2017-03-22,5,141110,28222.0,Robert Barroso,Corporate,West,577,648,3.16
RB-19705,2016-08-22,2018-11-06,4,459411,114852.75,Roger Barcio,Home Office,West,806,54,1.81
RB-19795,2015-06-03,2018-11-28,8,3096522,387065.25,Ross Baird,Home Office,South,1274,32,2.29
RC-19825,2015-12-05,2017-12-26,6,727207,121201.16666666667,Roy Collins,Consumer,Central,752,369,2.91
RC-19960,2015-08-25,2018-09-11,4,319482,79870.5,Ryan Crowe,Consumer,East,1113,110,1.31
RD-19480,2015-06-08,2018-10-19,8,1759176,219897.0,Rick Duston,Consumer,West,1229,72,2.38
RD-19585,2015-04-02,2018-07-03,9,860662,95629.11111111111,Rob Dowd,Consumer,South,1188,180,2.77
RD-19660,2016-10-24,2018-09-07,4,683434,170858.5,Robert Dilbeck,Home Office,Central,683,114,2.14
RD-19720,2015-07-20,2018-12-09,10,793166,79316.6,Roger Demir,Consumer,South,1238,21,2.95
RD-19810,2015-10-27,2018-12-16,8,205162,25645.25,Ross DeVincentis,Home Office,West,1146,14,2.55
RD-19900,2015-04-05,2018-09-07,9,1926601,214066.77777777778,Ruben Dartt,Consumer,West,1251,114,2.63
RD-19930,2015-10-03,2018-11-18,4,409378,102344.5,Russell D'Ascenzo,Consumer,Central,1142,42,1.28
RE-19405,2015-12-29,2015-12-29,1,4836,4836.0,Ricardo Emerson,Consumer,East,0,1097,
RE-19450,2016-08-15,2018-03-03,4,45061,11265.25,Richard Eichhorn,Consumer,Central,565,302,2.58
RF-19345,2015-05-20,2017-12-05,8,252264,31533.0,Randy Ferguson,Corporate,East,930,390,3.14
RF-19735,2015-08-06,2018-10-02,7,544167,77738.14285714286,Roland Fjeld,Consumer,Central,1153,89,2.22
RF-19840,2015-11-12,2018-12-24,7,129231,18461.571428571428,Roy Französisch,Consumer,East,1138,6,2.25
RH-19495,2015-08-23,2018-11-28,5,1442395,288479.0,Rick Hansen,Consumer,Central,1193,32,1.53
RH-19510,2015-11-16,2017-09-19,6,391738,65289.666666666664,Rick Huthwaite,Home Office,East,673,467,3.25
RH-19555,2016-12-04,2017-07-29,2,106098,53049.0,Ritsa Hightower,Consumer,South,237,519,3.08
RH-19600,2016-07-02,2017-07-14,3,1290149,430049.6666666667,Rob Haberlin,Consumer,South,377,534,2.9
RK-19300,2016-07-20,2018-09-02,3,67082,22360.666666666668,Ralph Kennedy,Consumer,East,774,119,1.41
RL-19615,2015-12-05,2018-08-31,8,3135049,391881.125,Rob Lucas,Consumer,South,1000,121,2.92
RM-19375,2015-05-11,2018-01-19,6,153658,25609.666666666668,Raymond Messe,Consumer,Central,984,345,2.23
RM-19675,2015-11-14,2018-12-24,5,3074940,614988.0,Robert Marley,Home Office,South,1136,6,1.61
RM-19750,2018-03-06,2018-03-06,1,9835,9835.0,Roland Murray,Consumer,East,0,299,
RO-19780,2016-05-12,2018-11-25,7,2499345,357049.28571428574,Rose O'Brian,Consumer,South,927,35,2.76
RP-19270,2015-10-19,2017-08-21,4,3928139,982034.75,Rachel Payne,Corporate,West,672,496,2.17
RP-19390,2015-05-24,2018-11-27,12,1850462,154205.16666666666,Resi Pölking,Consumer,East,1283,33,3.41
RP-19855,2016-02-15,2018-12-02,7,337301,48185.857142857145,Roy Phan,Corporate,Central,1021,28,2.5
RR-19315,2017-11-14,2018-12-11,2,539342,269671.0,Ralph Ritter,Consumer,West,392,19,1.86
RR-19525,2015-09-09,2018-07-13,6,637101,106183.5,Rick Reed,Corporate,East,1038,170,2.11
RS-19420,2015-08-05,2018-10-15,5,322129,64425.8,Ricardo Sperren,Corporate,West,1167,76,1.56
RS-19765,2015-04-07,2018-11-24,8,529548,66193.5,Roland Schwarz,Corporate,East,1327,36,2.2
RS-19870,2017-06-07,2018-12-11,2,10430,5215.0,Roy Skaria,Home Office,Central,552,19,1.32
RW-19540,2016-02-03,2018-09-01,7,1713046,244720.85714285713,Rick Wilson,Corporate,West,941,120,2.72
RW-19630,2015-06-28,2018-10-02,9,1489799,165533.22222222222,Rob Williams,Corporate,Central,1192,89,2.76
RW-19690,2017-05-30,2018-10-12,5,344647,68929.4,Robert Waldorf,Consumer,South,500,79,3.65
SA-20830,2015-02-22,2018-10-28,10,4902220,490222.0,Sue Ann Reed,Consumer,Central,1344,63,2.72
SB-20170,2015-06-06,2018-06-12,3,149391,49797.0,Sarah Bern,Consumer,East,1102,201,0.99
SB-20185,2015-09-20,2018-06-25,6,3060710,510118.3333333333,Sarah Brown,Consumer,East,1009,188,2.17
SB-20290,2015-05-09,2018-11-13,7,6689360,955622.8571428572,Sean Braxton,Corporate,Central,1284,47,1.99
SC-20020,2015-03-03,2016-11-10,5,3586160,717232.0,Sam Craven,Consumer,Central,618,780,2.95
SC-20050,2015-03-18,2018-11-20,9,1763301,195922.33333333334,Sample Company A,Home Office,East,1343,40,2.45
SC-20095,2015-02-12,2018-01-15,9,1823170,202574.44444444444,Sanjit Chand,Consumer,West,1068,349,3.08
SC-20230,2017-06-06,2018-08-03,4,3118591,779647.75,Scot Coram,Corporate,Central,423,149,3.45
SC-20260,2015-04-06,2018-06-26,8,2092333,261541.625,Scott Cohen,Corporate,West,1177,187,2.48
SC-20305,2016-01-27,2018-12-01,6,768475,128079.16666666667,Sean Christensen,Consumer,Central,1039,29,2.11
SC-20380,2015-03-01,2018-11-30,9,2925876,325097.3333333333,Shahid Collister,Consumer,West,1370,30,2.4
SC-20440,2016-08-17,2018-11-24,7,767593,109656.14285714286,Shaun Chance,Corporate,West,829,36,3.08
SC-20575,2015-06-16,2018-09-29,4,118534,29633.5,Sonia Cooley,Consumer,Central,1201,92,1.22
SC-20680,2015-11-21,2018-08-26,6,125464,20910.666666666668,Steve Carroll,Home Office,South,1009,126,2.17
SC-20695,2015-12-16,2018-10-02,10,307823,30782.3,Steve Chapman,Corporate,South,1021,89,3.57
SC-20725,2015-06-03,2018-06-26,11,1175571,106870.09090909091,Steven Cartwright,Consumer,East,1119,187,3.59
SC-20770,2016-06-20,2018-11-19,7,1230616,175802.2857142857,Stewart Carmichael,Corporate,South,882,41,2.9
SC-20800,2016-12-11,2018-11-30,4,209785,52446.25,Stuart Calhoun,Consumer,Central,719,30,2.03
SC-20845,2017-11-11,2017-11-11,1,14112,14112.0,Sung Chung,Consumer,Central,0,414,
SD-20485,2015-01-26,2018-06-13,9,1709404,189933.77777777778,Shirley Daniels,Home Office,East,1234,200,2.66
SE-20110,2015-04-11,2018-12-21,11,2501525,227411.36363636365,Sanjit Engle,Consumer,East,1350,9,2.97
SF-20065,2015-09-10,2018-11-01,7,132025,18860.714285714286,Sandra Flanagan,Consumer,East,1148,59,2.23
SF-20200,2015-12-23,2018-11-01,9,684464,76051.55555555556,Sarah Foster,Consumer,West,1044,59,3.15
SF-20965,2015-10-21,2018-11-12,9,582265,64696.11111111111,Sylvia Foulston,Corporate,Central,1118,48,2.94
SG-20080,2016-10-31,2018-12-22,3,1370574,456858.0,Sandra Glassco,Consumer,Central,782,8,1.4
SG-20470,2015-07-26,2018-06-30,8,470880,58860.0,Sheri Gordon,Consumer,East,1070,183,2.73
SG-20605,2015-11-03,2018-09-13,5,697874,139574.8,Speros Goranitis,Consumer,East,1045,108,1.75
SG-20890,2015-03-30,2018-05-18,3,37551,12517.0,Susan Gilcrest,Corporate,Central,1145,226,0.96
SH-19975,2015-12-10,2018-12-01,12,5211132,434261.0,Sally Hughsby,Corporate,West,1087,29,4.03
SH-20395,2015-11-02,2018-12-07,10,1635183,163518.3,Shahid Hopkins,Consumer,South,1131,23,3.23
SH-20635,2015-12-16,2016-11-26,2,832864,416432.0,Stefanie Holloman,Corporate,South,346,764,2.11
SJ-20125,2016-09-22,2018-09-26,12,1784571,148714.25,Sanjit Jacobs,Home Office,East,734,95,5.97
SJ-20215,2016-02-09,2018-12-01,6,912618,152103.0,Sarah Jordon,Consumer,Central,1026,29,2.13
SJ-20500,2015-08-31,2018-04-21,5,209238,41847.6,Shirley Jackson,Consumer,Central,964,253,1.89
SK-19990,2017-11-28,2018-12-22,3,656780,218926.66666666666,Sally Knutson,Consumer,East,389,8,2.81
SL-20155,2015-09-21,2018-10-21,6,405050,67508.33333333333,Sara Luxemburg,Home Office,South,1126,70,1.94
SM-20005,2015-11-23,2017-11-04,4,211023,52755.75,Sally Matthias,Consumer,East,712,421,2.05
SM-20320,2015-03-18,2018-10-12,5,3372562,674512.4,Sean Miller,Home Office,South,1304,79,1.4
SM-20905,2017-05-03,2017-05-03,1,741703,741703.0,Susan MacKendrick,Consumer,East,0,606,
SM-20950,2015-09-29,2018-12-05,11,2760991,250999.18181818182,Suzanne McNair,Corporate,South,1163,25,3.45
SN-20560,2016-06-18,2018-09-10,6,873901,145650.16666666666,Skye Norling,Home Office,West,814,111,2.69
SN-20710,2015-05-06,2018-10-12,7,6723974,960567.7142857143,Steve Nguyen,Home Office,Central,1255,79,2.04
SO-20335,2016-10-11,2018-12-01,6,10279823,1713303.8333333333,Sean O'Donnell,Consumer,South,781,29,2.8
SP-20545,2015-10-13,2018-02-06,6,630735,105122.5,Sibella Parks,Corporate,East,847,327,2.59
SP-20620,2015-09-08,2018-11-13,9,4648202,516466.8888888889,Stefania Perrino,Corporate,East,1162,47,2.83
SP-20650,2015-04-16,2017-12-09,9,922153,102461.44444444444,Stephanie Phelps,Corporate,West,968,386,3.39
SP-20860,2015-12-15,2018-10-12,10,3032606,303260.6,Sung Pak,Corporate,East,1032,79,3.54
SP-20920,2015-11-22,2018-10-21,6,3933485,655580.8333333334,Susan Pistek,Consumer,West,1064,70,2.06
SR-20425,2015-06-14,2018-12-22,5,2794443,558888.6,Sharelle Roach,Home Office,West,1287,8,1.42
SR-20740,2015-02-20,2018-06-17,8,158708,19838.5,Steven Roelle,Home Office,East,1213,196,2.41
SS-20140,2015-11-23,2018-12-15,8,179786,22473.25,Saphhira Shifley,Corporate,East,1118,15,2.61
SS-20410,2015-05-30,2018-09-11,6,1755191,292531.8333333333,Shahid Shariari,Consumer,West,1200,110,1.83
SS-20515,2015-07-14,2017-08-26,3,61340,20446.666666666668,Shirley Schmidt,Home Office,South,774,491,1.41
SS-20590,2015-08-05,2017-10-24,6,40148,6691.333333333333,Sonia Sunley,Consumer,West,811,432,2.7
SS-20875,2015-12-14,2018-09-01,5,417130,83426.0,Sung Shariari,Consumer,Central,992,120,1.84
ST-20530,2015-02-14,2018-08-27,7,225035,32147.85714285714,Shui Tom,Consumer,East,1290,125,1.98
SU-20665,2016-12-05,2018-12-10,7,1647295,235327.85714285713,Stephanie Ulpright,Home Office,South,735,20,3.48
SV-20365,2015-01-11,2018-09-20,10,5660487,566048.7,Seth Vernon,Consumer,East,1348,101,2.71
SV-20785,2015-04-12,2018-02-13,9,2656629,295181.0,Stewart Visinsky,Consumer,West,1038,320,3.16
SV-20815,2016-05-04,2018-10-15,4,997553,249388.25,Stuart Van,Corporate,Central,894,76,1.63
SV-20935,2017-03-19,2018-12-28,8,551493,68936.625,Susan Vittorini,Consumer,East,649,2,4.5
SW-20245,2015-07-20,2018-10-10,7,689852,98550.28571428571,Scot Wooten,Consumer,West,1178,81,2.17
SW-20275,2015-03-10,2018-11-30,6,176865,29477.5,Scott Williamson,Consumer,South,1361,30,1.61
SW-20350,2017-04-09,2018-07-21,3,244801,81600.33333333333,Sean Wendt,Home Office,Central,468,162,2.34
SW-20455,2016-06-22,2018-07-21,6,2525199,420866.5,Shaun Weien,Consumer,South,759,162,2.89
SW-20755,2015-11-02,2017-07-14,2,660524,330262.0,Steven Ward,Corporate,East,620,534,1.18
SZ-20035,2015-09-07,2018-11-25,11,1683795,153072.27272727274,Sam Zeldin,Home Office,West,1175,35,3.42
TA-21385,2015-09-12,2018-10-22,4,11388497,2847124.25,Tom Ashbrook,Home Office,East,1136,69,1.29
TB-21055,2017-06-17,2018-09-02,4,363522,90880.5,Ted Butterfield,Consumer,East,442,119,3.3
TB-21175,2015-12-08,2018-11-02,4,596985,149246.25,Thomas Boland,Corporate,Central,1060,58,1.38
TB-21190,2015-12-27,2018-11-11,4,771408,192852.0,Thomas Brumley,Home Office,South,1050,49,1.39
TB-21250,2015-12-08,2018-01-15,7,795706,113672.28571428571,Tim Brockman,Consumer,East,769,349,3.32
TB-21280,2015-06-21,2017-05-26,6,330806,55134.333333333336,Toby Braunhardt,Consumer,East,705,583,3.11
TB-21355,2017-01-25,2018-08-06,5,196390,39278.0,Todd Boyes,Corporate,East,558,146,3.27
TB-21400,2015-02-03,2018-06-11,6,1045561,174260.16666666666,Tom Boeckenhauer,Consumer,West,1224,202,1.79
TB-21520,2015-10-17,2018-09-14,9,808617,89846.33333333333,Tracy Blumstein,Consumer,East,1063,107,3.09
TB-21595,2015-02-18,2018-03-20,4,536603,134150.75,Troy Blackwell,Consumer,Central,1126,285,1.3
TB-21625,2015-08-06,2018-11-30,9,1466478,162942.0,Trudy Brown,Consumer,Central,1212,30,2.71
TC-20980,2015-11-07,2017-11-26,5,1969336,393867.2,Tamara Chand,Corporate,West,750,399,2.43
TC-21145,2018-09-15,2018-09-15,1,99560,99560.0,Theresa Coyne,Corporate,East,0,106,
TC-21295,2015-10-14,2018-12-03,8,1173566,146695.75,Toby Carlisle,Consumer,West,1146,27,2.55
TC-21475,2015-11-22,2018-07-30,9,248424,27602.666666666668,Tony Chapman,Home Office,South,981,153,3.35
TC-21535,2015-11-03,2018-12-26,7,164533,23504.714285714286,Tracy Collins,Home Office,South,1149,4,2.22
TD-20995,2015-05-19,2018-11-23,9,1249283,138809.22222222222,Tamara Dahlen,Consumer,East,1284,37,2.56
TG-21310,2016-03-09,2018-01-27,5,1636516,327303.2,Toby Gnade,Consumer,West,689,337,2.65
TG-21640,2015-03-31,2018-09-07,4,1348919,337229.75,Trudy Glocke,Consumer,West,1256,114,1.16
TH-21100,2015-09-27,2018-01-20,5,1780440,356088.0,Thea Hendricks,Consumer,West,846,344,2.16
TH-21115,2015-09-23,2018-11-02,4,1955400,488850.0,Thea Hudgings,Corporate,East,1136,58,1.29
TH-21235,2015-11-04,2018-09-04,8,866339,108292.375,Tiffany House,Corporate,Central,1035,117,2.82
TH-21550,2015-04-05,2018-10-19,7,2045593,292227.5714285714,Tracy Hopkins,Home Office,East,1293,72,1.98
TM-21010,2015-02-21,2018-09-18,7,570160,81451.42857142857,Tamara Manning,Consumer,West,1305,103,1.96
TM-21490,2018-03-30,2018-08-22,3,298475,99491.66666666667,Tony Molinari,Consumer,Central,145,130,7.55
TN-21040,2015-10-10,2018-10-01,7,1049061,149865.85714285713,Tanja Norvell,Home Office,West,1087,90,2.35
TP-21130,2016-04-14,2018-12-22,9,460954,51217.11111111111,Theone Pippenger,Consumer,East,982,8,3.35
TP-21415,2016-11-28,2018-09-17,5,6422539,1284507.8,Tom Prescott,Consumer,West,658,104,2.77
TP-21565,2016-03-01,2018-01-14,4,1816112,454028.0,Tracy Poddar,Corporate,West,684,350,2.13
TR-21325,2015-12-01,2018-06-20,5,51297,10259.4,Toby Ritter,Consumer,East,932,193,1.96
TS-21085,2016-07-19,2018-01-07,2,4833,2416.5,Thais Sissman,Consumer,West,537,357,1.36
TS-21160,2015-04-23,2017-08-13,6,1027023,171170.5,Theresa Swint,Corporate,East,843,504,2.6
TS-21205,2015-03-21,2018-06-15,7,3967513,566787.5714285715,Thomas Seio,Corporate,East,1182,198,2.16
TS-21340,2015-01-19,2018-05-18,5,244531,48906.2,Toby Swindell,Consumer,Central,1215,226,1.5
TS-21370,2015-10-28,2018-11-24,6,3107067,517844.5,Todd Sumrall,Corporate,East,1123,36,1.95
TS-21430,2015-07-30,2018-07-11,5,289060,57812.0,Tom Stivers,Corporate,West,1077,172,1.69
TS-21505,2015-12-20,2018-12-19,6,974373,162395.5,Tony Sayre,Consumer,South,1095,11,2.0
TS-21610,2015-08-16,2018-11-05,7,1419628,202804.0,Troy Staebel,Consumer,West,1177,55,2.17
TS-21655,2016-02-06,2018-05-06,5,1303674,260734.8,Trudy Schmidt,Consumer,Central,820,238,2.23
TT-21070,2015-05-18,2018-11-29,7,3703338,529048.2857142857,Ted Trevino,Consumer,West,1291,31,1.98
TT-21220,2015-09-23,2018-06-30,8,830704,103838.0,Thomas Thornton,Consumer,Central,1011,183,2.89
TT-21265,2016-08-15,2017-11-19,3,14871,4957.0,Tim Taslimi,Corporate,West,461,406,2.38
TT-21460,2016-12-08,2018-12-18,7,644425,92060.71428571429,Tonja Turnell,Home Office,Central,740,12,3.45
TW-21025,2015-12-22,2018-10-27,7,1094717,156388.14285714287,Tamara Willingham,Home Office,West,1040,64,2.46
TZ-21580,2015-11-11,2018-11-25,4,676246,169061.5,Tracy Zic,Consumer,West,1110,35,1.32
VB-21745,2016-07-17,2018-11-06,6,345645,57607.5,Victoria Brennan,Corporate,South,842,54,2.6
VD-21670,2015-08-04,2017-05-28,6,1461501,243583.5,Valerie Dominguez,Consumer,South,663,581,3.3
VF-21715,2015-03-01,2018-12-17,5,748962,149792.4,Vicky Freymann,Home Office,Central,1387,13,1.32
VG-21790,2015-08-08,2018-07-29,6,522217,87036.16666666667,Vivek Gonzalez,Consumer,West,1086,154,2.02
VG-21805,2015-09-22,2017-08-26,4,388336,97084.0,Vivek Grady,Corporate,South,704,491,2.07
VM-21685,2015-04-07,2018-11-06,7,935081,133583.0,Valerie Mitchum,Home Office,East,1309,54,1.95
VM-21835,2015-03-22,2018-09-04,5,78749,15749.8,Vivian Mathis,Consumer,East,1262,117,1.45
VP-21730,2016-07-05,2018-11-30,3,165722,55240.666666666664,Victor Preis,Home Office,West,878,30,1.25
VP-21760,2015-09-06,2018-10-16,7,2586229,369461.28571428574,Victoria Pisteka,Corporate,West,1136,75,2.25
VS-21820,2015-01-07,2018-05-23,4,1046594,261648.5,Vivek Sundaresam,Consumer,West,1232,221,1.19
VT-21700,2015-06-06,2016-04-05,2,1315810,657905.0,Valerie Takahito,Home Office,East,304,999,2.4
VW-21775,2015-05-11,2018-12-02,10,1237462,123746.2,Victoria Wilson,Corporate,East,1301,28,2.81
WB-21850,2015-11-04,2018-12-10,10,3936779,393677.9,William Brown,Consumer,East,1132,20,3.22
XP-21865,2015-01-20,2018-11-17,11,1005065,91369.54545454546,Xylona Preis,Consumer,West,1397,43,2.87
YC-21895,2015-11-17,2018-12-26,5,1920626,384125.2,Yoseph Carroll,Corporate,West,1135,4,1.61
YS-21880,2016-01-12,2018-12-21,8,3561381,445172.625,Yana Sorensen,Corporate,South,1074,9,2.72
ZC-21910,2015-10-13,2018-11-06,13,3383039,260233.76923076922,Zuschuss Carroll,Consumer,West,1120,54,4.24
ZD-21925,2015-08-27,2018-06-11,5,163780,32756.0,Zuschuss Donatelli,Consumer,West,1019,202,1.79
